<!--
     Netmgr Module configuration XML file
     Copyright (c) 2013, 2016-2017 Qualcomm Technologies, Inc.
     All Rights Reserved.
     Confidential and Proprietary - Qualcomm Technologies, Inc.
-->

<?xml version="1.0" encoding="UTF-8"?>

<!-- QMI configuration -->
<list name="netmgr_config">
  <!-- Logging overrides for ds_exec() family of commands -->
  <!-- Remove the 'disabled_' from the properties to enable them -->
  <listitem name = "cmd_logging_config">
    <data name="disabled_log_options" type="int"> 255 </data>
    <data name="disabled_cmd_debug" type="int"> 1 </data>
    <data name="disabled_outfile" type="string"> 
/data/netmgr_cmd_log.txt </data>
  </listitem>

   <!-- Legacy MSM targets -->
   <listitem name = "msm">

      <data name="qmi_dpm_enabled" type="int"> 0 </data>
      <data name="wda_data_format_enabled" type="int"> 0 </data>

      <data name="single_qmux_ch_enabled" type="int"> 0 </data>
      <data name="single_qmux_ch_conn_id_str" type="string"> rmnet0 
</data>
      <data name="single_qmux_ch_name" type="string"> SMDCTL0 </data>

      <data name="rmnet_data_enabled" type="int"> 0 </data>
      <data name="dataformat_agg_dl_pkt" type="int"> 0 </data>
      <data name="dataformat_agg_dl_size" type="int"> 0 </data>
      <data name="dataformat_dl_data_aggregation_protocol" type="int"> 0 
</data>
      <data name="dataformat_ul_data_aggregation_protocol" type="int"> 0 
</data>
      <data name="dataformat_dl_gro_enabled" type="int"> 0 </data>
      <data name="dataformat_ul_gso_enabled" type="int"> 0 </data>
      <data name="phys_net_dev" type="string"> rmnet0 </data>
      <data name="tc_ul_baserate" type="int"> 0 </data>
      <data name="pnd_rps_mask" type="int"> 0 </data>
      <data name="netdev_budget" type="int"> 0 </data>

      <data name="low_latency_filters" type="int"> 0 </data>

      <data name="num_modems" type="int"> 2 </data>
      <list name="modems_enabled">
         <data type="int"> 1 </data> <!-- MODEM_MSM -->
         <data type="int"> 0 </data> <!-- MODEM_MDM -->
      </list>

      <data name="control_ports_len" type="int"> 8 </data>
      <list name="control_ports">
         <data type="string"> rmnet0 </data>
         <data type="string"> rmnet1 </data>
         <data type="string"> rmnet2 </data>
         <data type="string"> rmnet3 </data>
         <data type="string"> rmnet4 </data>
         <data type="string"> rmnet5 </data>
         <data type="string"> rmnet6 </data>
         <data type="string"> rmnet7 </data>
      </list>

      <data name="data_ports_len" type="int"> 8 </data>
      <list name="data_ports">
         <data type="string"> rmnet0 </data>
         <data type="string"> rmnet1 </data>
         <data type="string"> rmnet2 </data>
         <data type="string"> rmnet3 </data>
         <data type="string"> rmnet4 </data>
         <data type="string"> rmnet5 </data>
         <data type="string"> rmnet6 </data>
         <data type="string"> rmnet7 </data>
      </list>

      <data name="iwlan_enable" type="int"> 1 </data>
      <data name="rev_control_ports_len" type="int"> 9 </data>
      <list name="rev_control_ports">
         <data type="string"> rev_rmnet0 </data>
         <data type="string"> rev_rmnet1 </data>
         <data type="string"> rev_rmnet2 </data>
         <data type="string"> rev_rmnet3 </data>
         <data type="string"> rev_rmnet4 </data>
         <data type="string"> rev_rmnet5 </data>
         <data type="string"> rev_rmnet6 </data>
         <data type="string"> rev_rmnet7 </data>
         <data type="string"> rev_rmnet8 </data>
      </list>

      <data name="rev_data_ports_len" type="int"> 9 </data>
      <list name="rev_data_ports">
        <data type="string"> rev_rmnet0 </data>
        <data type="string"> rev_rmnet1 </data>
        <data type="string"> rev_rmnet2 </data>
        <data type="string"> rev_rmnet3 </data>
        <data type="string"> rev_rmnet4 </data>
        <data type="string"> rev_rmnet5 </data>
        <data type="string"> rev_rmnet6 </data>
        <data type="string"> rev_rmnet7 </data>
        <data type="string"> rev_rmnet8 </data>
      </list>
   </listitem>

   <!-- Fusion4 parameters -->
   <listitem name = "mdm">

      <data name="qmi_dpm_enabled" type="int"> 0 </data>
      <data name="wda_data_format_enabled" type="int"> 1 </data>

      <data name="single_qmux_ch_enabled" type="int"> 0 </data>
      <data name="single_qmux_ch_conn_id_str" type="string"> rmnet_usb0 
</data>
      <data name="single_qmux_ch_name" type="string"> HSICTL0 </data>

      <data name="rmnet_data_enabled" type="int"> 1 </data>
      <data name="dataformat_agg_dl_pkt" type="int"> 10 </data>
      <data name="dataformat_agg_dl_size" type="int"> 4096 </data>
      <data name="dataformat_agg_ul_pkt" type="int"> 0 </data>
      <data name="dataformat_agg_ul_size" type="int"> 0 </data>
      <data name="dataformat_dl_data_aggregation_protocol" type="int"> 5 
</data>
      <data name="dataformat_ul_data_aggregation_protocol" type="int"> 5 
</data>
      <data name="dataformat_dl_gro_enabled" type="int"> 0 </data>
      <data name="dataformat_ul_gso_enabled" type="int"> 0 </data>
      <data name="phys_net_dev" type="string"> rmnet_usb0 </data>
      <data name="tc_ul_baserate" type="int"> 0 </data>
      <data name="pnd_rps_mask" type="int"> 0 </data>
      <data name="netdev_budget" type="int"> 0 </data>

      <data name="low_latency_filters" type="int"> 1 </data>

      <data name="num_modems" type="int"> 2 </data>
      <list name="modems_enabled">
         <data type="int"> 1 </data> <!-- MODEM_MSM -->
         <data type="int"> 0 </data> <!-- MODEM_MDM -->
      </list>

      <data name="control_ports_len" type="int"> 8 </data>
      <list name="control_ports">
         <data type="string"> rmnet_usb0 </data>
         <data type="string"> rmnet_usb1 </data>
         <data type="string"> rmnet_usb2 </data>
         <data type="string"> rmnet_usb3 </data>
         <data type="string"> rmnet_usb4 </data>
         <data type="string"> rmnet_usb5 </data>
         <data type="string"> rmnet_usb6 </data>
         <data type="string"> rmnet_usb7 </data>
      </list>

      <data name="data_ports_len" type="int"> 8 </data>
      <list name="data_ports">
         <data type="string"> rmnet_data0 </data>
         <data type="string"> rmnet_data1 </data>
         <data type="string"> rmnet_data2 </data>
         <data type="string"> rmnet_data3 </data>
         <data type="string"> rmnet_data4 </data>
         <data type="string"> rmnet_data5 </data>
         <data type="string"> rmnet_data6 </data>
         <data type="string"> rmnet_data7 </data>
      </list>

      <data name="iwlan_enable" type="int"> 1 </data>
      <data name="rev_control_ports_len" type="int"> 9 </data>
      <list name="rev_control_ports">
         <data type="string"> rev_rmnet_usb0 </data>
         <data type="string"> rev_rmnet_usb1 </data>
         <data type="string"> rev_rmnet_usb2 </data>
         <data type="string"> rev_rmnet_usb3 </data>
         <data type="string"> rev_rmnet_usb4 </data>
         <data type="string"> rev_rmnet_usb5 </data>
         <data type="string"> rev_rmnet_usb6 </data>
         <data type="string"> rev_rmnet_usb7 </data>
         <data type="string"> rev_rmnet_usb8 </data>
      </list>

      <data name="rev_data_ports_len" type="int"> 9 </data>
      <list name="rev_data_ports">
        <data type="string"> r_rmnet_data0 </data>
        <data type="string"> r_rmnet_data1 </data>
        <data type="string"> r_rmnet_data2 </data>
        <data type="string"> r_rmnet_data3 </data>
        <data type="string"> r_rmnet_data4 </data>
        <data type="string"> r_rmnet_data5 </data>
        <data type="string"> r_rmnet_data6 </data>
        <data type="string"> r_rmnet_data7 </data>
        <data type="string"> r_rmnet_data8 </data>
      </list>
   </listitem>

   <!-- Fusion4.5 (PCIe) parameters -->
   <listitem name = "fusion4_5_pcie">

      <data name="qmi_dpm_enabled" type="int"> 0 </data>
      <data name="wda_data_format_enabled" type="int"> 1 </data>
      <data name="ep_type" type="int"> 3 </data> <!-- PCIE -->

      <data name="single_qmux_ch_enabled" type="int"> 1 </data>
      <data name="single_qmux_ch_conn_id_str" type="string"> rmnet_mhi0 
</data>
      <data name="single_qmux_ch_name" type="string"> MHICTL0 </data>

      <data name="rmnet_data_enabled" type="int"> 1 </data>
      <data name="dataformat_agg_dl_pkt" type="int"> 1 </data>
      <data name="dataformat_agg_dl_size" type="int"> 2048 </data>
      <data name="dataformat_agg_ul_pkt" type="int"> 0 </data>
      <data name="dataformat_agg_ul_size" type="int"> 0 </data>
      <data name="dataformat_dl_data_aggregation_protocol" type="int"> 5 
</data>
      <data name="dataformat_ul_data_aggregation_protocol" type="int"> 5 
</data>
      <data name="dataformat_dl_gro_enabled" type="int"> 0 </data>
      <data name="dataformat_ul_gso_enabled" type="int"> 0 </data>
      <data name="phys_net_dev" type="string"> rmnet_mhi0 </data>
      <data name="pnd_rps_mask" type="int"> 1 </data>
      <data name="qos_via_idl" type="int"> 0 </data>
      <data name="netdev_budget" type="int"> 9 </data>
      <data name="tc_ul_baserate" type="int"> 0 </data>
      <data name="low_latency_filters" type="int"> 1 </data>

      <data name="num_modems" type="int"> 2 </data>
      <list name="modems_enabled">
         <data type="int"> 1 </data> <!-- MODEM_MSM -->
         <data type="int"> 0 </data> <!-- MODEM_MDM -->
      </list>

      <data name="control_ports_len" type="int"> 8 </data>
      <list name="control_ports">
         <data type="string"> rmnet_data0 </data>
         <data type="string"> rmnet_data1 </data>
         <data type="string"> rmnet_data2 </data>
         <data type="string"> rmnet_data3 </data>
         <data type="string"> rmnet_data4 </data>
         <data type="string"> rmnet_data5 </data>
         <data type="string"> rmnet_data6 </data>
         <data type="string"> rmnet_data7 </data>
      </list>

      <data name="data_ports_len" type="int"> 8 </data>
      <list name="data_ports">
         <data type="string"> rmnet_data0 </data>
         <data type="string"> rmnet_data1 </data>
         <data type="string"> rmnet_data2 </data>
         <data type="string"> rmnet_data3 </data>
         <data type="string"> rmnet_data4 </data>
         <data type="string"> rmnet_data5 </data>
         <data type="string"> rmnet_data6 </data>
         <data type="string"> rmnet_data7 </data>
      </list>

      <data name="iwlan_enable" type="int"> 1 </data>
      <data name="rev_control_ports_len" type="int"> 9 </data>
      <list name="rev_control_ports">
         <data type="string"> r_rmnet_data0 </data>
         <data type="string"> r_rmnet_data1 </data>
         <data type="string"> r_rmnet_data2 </data>
         <data type="string"> r_rmnet_data3 </data>
         <data type="string"> r_rmnet_data4 </data>
         <data type="string"> r_rmnet_data5 </data>
         <data type="string"> r_rmnet_data6 </data>
         <data type="string"> r_rmnet_data7 </data>
         <data type="string"> r_rmnet_data8 </data>
      </list>

      <data name="rev_data_ports_len" type="int"> 9 </data>
      <list name="rev_data_ports">
        <data type="string"> r_rmnet_data0 </data>
        <data type="string"> r_rmnet_data1 </data>
        <data type="string"> r_rmnet_data2 </data>
        <data type="string"> r_rmnet_data3 </data>
        <data type="string"> r_rmnet_data4 </data>
        <data type="string"> r_rmnet_data5 </data>
        <data type="string"> r_rmnet_data6 </data>
        <data type="string"> r_rmnet_data7 </data>
        <data type="string"> r_rmnet_data8 </data>
      </list>
   </listitem>

   <!-- MSM8994 parameters -->
   <listitem name = "msm8994">

      <data name="qmi_dpm_enabled" type="int"> 1 </data>
      <data name="dpm_retry_timeout" type="int"> 10000 </data>
      <data name="wda_data_format_enabled" type="int"> 1 </data>

      <data name="single_qmux_ch_enabled" type="int"> 1 </data>
      <data name="single_qmux_ch_conn_id_str" type="string"> rmnet0 
</data>
      <data name="single_qmux_ch_name" type="string"> DATA5_CNTL </data>

      <data name="rmnet_data_enabled" type="int"> 1 </data>
      <data name="dataformat_agg_dl_pkt" type="int"> 1 </data>
      <data name="dataformat_agg_dl_size" type="int"> 2048 </data>
      <data name="dataformat_agg_ul_pkt" type="int"> 0 </data>
      <data name="dataformat_agg_ul_size" type="int"> 0 </data>
      <data name="dataformat_dl_data_aggregation_protocol" type="int"> 7 
</data>
      <data name="dataformat_ul_data_aggregation_protocol" type="int"> 5 
</data>
      <data name="dataformat_dl_gro_enabled" type="int"> 0 </data>
      <data name="dataformat_ul_gso_enabled" type="int"> 0 </data>
      <data name="phys_net_dev" type="string"> rmnet_ipa0 </data>
      <data name="pnd_rps_mask" type="int"> 0 </data>
      <data name="qos_via_idl" type="int"> 0 </data>
      <data name="netdev_budget" type="int"> 0 </data>
      <data name="low_latency_filters" type="int"> 0 </data>
      <data name="netdev_max_backlog" type="int"> 10000 </data>
      <data name="tc_ul_baserate" type="int"> 55000000 </data>
      <data name="num_modems" type="int"> 2 </data>
      <list name="modems_enabled">
         <data type="int"> 1 </data> <!-- MODEM_MSM -->
         <data type="int"> 0 </data> <!-- MODEM_MDM -->
      </list>

      <data name="control_ports_len" type="int"> 8 </data>
      <list name="control_ports">
         <data type="string"> rmnet_data0 </data>
         <data type="string"> rmnet_data1 </data>
         <data type="string"> rmnet_data2 </data>
         <data type="string"> rmnet_data3 </data>
         <data type="string"> rmnet_data4 </data>
         <data type="string"> rmnet_data5 </data>
         <data type="string"> rmnet_data6 </data>
         <data type="string"> rmnet_data7 </data>
      </list>

      <data name="data_ports_len" type="int"> 8 </data>
      <list name="data_ports">
         <data type="string"> rmnet_data0 </data>
         <data type="string"> rmnet_data1 </data>
         <data type="string"> rmnet_data2 </data>
         <data type="string"> rmnet_data3 </data>
         <data type="string"> rmnet_data4 </data>
         <data type="string"> rmnet_data5 </data>
         <data type="string"> rmnet_data6 </data>
         <data type="string"> rmnet_data7 </data>
      </list>

      <!-- iWLAN ports -->
      <data name="iwlan_enable" type="int"> 1 </data>
      <data name="rev_control_ports_len" type="int"> 9 </data>
      <list name="rev_control_ports">
         <data type="string"> r_rmnet_data0 </data>
         <data type="string"> r_rmnet_data1 </data>
         <data type="string"> r_rmnet_data2 </data>
         <data type="string"> r_rmnet_data3 </data>
         <data type="string"> r_rmnet_data4 </data>
         <data type="string"> r_rmnet_data5 </data>
         <data type="string"> r_rmnet_data6 </data>
         <data type="string"> r_rmnet_data7 </data>
         <data type="string"> r_rmnet_data8 </data>
      </list>

      <data name="rev_data_ports_len" type="int"> 9 </data>
      <list name="rev_data_ports">
        <data type="string"> r_rmnet_data0 </data>
        <data type="string"> r_rmnet_data1 </data>
        <data type="string"> r_rmnet_data2 </data>
        <data type="string"> r_rmnet_data3 </data>
        <data type="string"> r_rmnet_data4 </data>
        <data type="string"> r_rmnet_data5 </data>
        <data type="string"> r_rmnet_data6 </data>
        <data type="string"> r_rmnet_data7 </data>
        <data type="string"> r_rmnet_data8 </data>
      </list>
   </listitem>

   <!-- DPM 2.0 parameters -->
   <listitem name = "dpm_2_0">

      <data name="qmi_dpm_enabled" type="int"> 0 </data>
      <data name="wda_data_format_enabled" type="int"> 1 </data>

      <data name="single_qmux_ch_enabled" type="int"> 1 </data>
      <data name="single_qmux_ch_conn_id_str" type="string"> rmnet0 
</data>
      <data name="single_qmux_ch_name" type="string"> DATA5_CNTL </data>
      <data name="tc_ul_baserate" type="int"> 0 </data>
      <data name="rmnet_data_enabled" type="int"> 1 </data>
      <data name="dataformat_agg_dl_pkt" type="int"> 1 </data>
      <data name="dataformat_agg_dl_size" type="int"> 2048 </data>
      <data name="dataformat_agg_ul_pkt" type="int"> 0 </data>
      <data name="dataformat_agg_ul_size" type="int"> 0 </data>
      <data name="dataformat_dl_data_aggregation_protocol" type="int"> 5 
</data>
      <data name="dataformat_ul_data_aggregation_protocol" type="int"> 5 
</data>
      <data name="dataformat_dl_gro_enabled" type="int"> 0 </data>
      <data name="dataformat_ul_gso_enabled" type="int"> 0 </data>
      <data name="phys_net_dev" type="string"> rmnet0 </data>
      <data name="pnd_rps_mask" type="int"> 16 </data>
      <data name="qos_via_idl" type="int"> 0 </data>
      <data name="netdev_budget" type="int"> 0 </data>
      <data name="low_latency_filters" type="int"> 0 </data>
      <data name="num_modems" type="int"> 2 </data>
      <list name="modems_enabled">
         <data type="int"> 1 </data> <!-- MODEM_MSM -->
         <data type="int"> 0 </data> <!-- MODEM_MDM -->
      </list>

      <data name="control_ports_len" type="int"> 8 </data>
      <list name="control_ports">
         <data type="string"> rmnet_data0 </data>
         <data type="string"> rmnet_data1 </data>
         <data type="string"> rmnet_data2 </data>
         <data type="string"> rmnet_data3 </data>
         <data type="string"> rmnet_data4 </data>
         <data type="string"> rmnet_data5 </data>
         <data type="string"> rmnet_data6 </data>
         <data type="string"> rmnet_data7 </data>
      </list>

      <data name="data_ports_len" type="int"> 8 </data>
      <list name="data_ports">
         <data type="string"> rmnet_data0 </data>
         <data type="string"> rmnet_data1 </data>
         <data type="string"> rmnet_data2 </data>
         <data type="string"> rmnet_data3 </data>
         <data type="string"> rmnet_data4 </data>
         <data type="string"> rmnet_data5 </data>
         <data type="string"> rmnet_data6 </data>
         <data type="string"> rmnet_data7 </data>
      </list>

      <data name="iwlan_enable" type="int"> 0 </data>
      <data name="rev_control_ports_len" type="int"> 9 </data>
      <list name="rev_control_ports">
         <data type="string"> r_rmnet_data0 </data>
         <data type="string"> r_rmnet_data1 </data>
         <data type="string"> r_rmnet_data2 </data>
         <data type="string"> r_rmnet_data3 </data>
         <data type="string"> r_rmnet_data4 </data>
         <data type="string"> r_rmnet_data5 </data>
         <data type="string"> r_rmnet_data6 </data>
         <data type="string"> r_rmnet_data7 </data>
         <data type="string"> r_rmnet_data8 </data>
      </list>

      <data name="rev_data_ports_len" type="int"> 9 </data>
      <list name="rev_data_ports">
        <data type="string"> r_rmnet_data0 </data>
        <data type="string"> r_rmnet_data1 </data>
        <data type="string"> r_rmnet_data2 </data>
        <data type="string"> r_rmnet_data3 </data>
        <data type="string"> r_rmnet_data4 </data>
        <data type="string"> r_rmnet_data5 </data>
        <data type="string"> r_rmnet_data6 </data>
        <data type="string"> r_rmnet_data7 </data>
        <data type="string"> r_rmnet_data8 </data>
      </list>
   </listitem>

   <!-- JOLOKIA parameters -->
   <listitem name = "jolokia">

      <data name="qmi_dpm_enabled" type="int"> 1 </data>
      <data name="dpm_retry_timeout" type="int"> 10000 </data>
      <data name="wda_data_format_enabled" type="int"> 1 </data>
      <data name="ep_type" type="int"> 5 </data> <!-- 
DATA_EP_TYPE_BAM_DMUX_V01 -->

      <data name="single_qmux_ch_enabled" type="int"> 1 </data>
      <data name="single_qmux_ch_conn_id_str" type="string"> rmnet0 
</data>
      <data name="single_qmux_ch_name" type="string"> DATA5_CNTL </data>
      <data name="tc_ul_baserate" type="int"> 65000000 </data>
      <data name="rmnet_data_enabled" type="int"> 1 </data>
      <data name="dataformat_agg_dl_pkt" type="int"> 1 </data>
      <data name="dataformat_agg_dl_size" type="int"> 2048 </data>
      <data name="dataformat_agg_ul_pkt" type="int"> 0 </data>
      <data name="dataformat_agg_ul_size" type="int"> 0 </data>
      <data name="phys_net_dev" type="string"> rmnet0 </data>
      <data name="dataformat_dl_data_aggregation_protocol" type="int"> 5 
</data>
      <data name="dataformat_ul_data_aggregation_protocol" type="int"> 5 
</data>
      <data name="dataformat_dl_gro_enabled" type="int"> 0 </data>
      <data name="dataformat_ul_gso_enabled" type="int"> 0 </data>
      <data name="pnd_rps_mask" type="int"> 2 </data>
      <data name="netdev_budget" type="int"> 9 </data>
      <data name="low_latency_filters" type="int"> 1 </data>
      <data name="qos_via_idl" type="int"> 0 </data>
      <data name="num_modems" type="int"> 2 </data>
      <list name="modems_enabled">
         <data type="int"> 1 </data> <!-- MODEM_MSM -->
         <data type="int"> 0 </data> <!-- MODEM_MDM -->
      </list>

      <data name="control_ports_len" type="int"> 8 </data>
      <list name="control_ports">
         <data type="string"> rmnet_data0 </data>
         <data type="string"> rmnet_data1 </data>
         <data type="string"> rmnet_data2 </data>
         <data type="string"> rmnet_data3 </data>
         <data type="string"> rmnet_data4 </data>
         <data type="string"> rmnet_data5 </data>
         <data type="string"> rmnet_data6 </data>
         <data type="string"> rmnet_data7 </data>
      </list>

      <data name="data_ports_len" type="int"> 8 </data>
      <list name="data_ports">
         <data type="string"> rmnet_data0 </data>
         <data type="string"> rmnet_data1 </data>
         <data type="string"> rmnet_data2 </data>
         <data type="string"> rmnet_data3 </data>
         <data type="string"> rmnet_data4 </data>
         <data type="string"> rmnet_data5 </data>
         <data type="string"> rmnet_data6 </data>
         <data type="string"> rmnet_data7 </data>
      </list>

      <data name="iwlan_enable" type="int"> 0 </data>
      <data name="rev_control_ports_len" type="int"> 9 </data>
      <list name="rev_control_ports">
         <data type="string"> r_rmnet_data0 </data>
         <data type="string"> r_rmnet_data1 </data>
         <data type="string"> r_rmnet_data2 </data>
         <data type="string"> r_rmnet_data3 </data>
         <data type="string"> r_rmnet_data4 </data>
         <data type="string"> r_rmnet_data5 </data>
         <data type="string"> r_rmnet_data6 </data>
         <data type="string"> r_rmnet_data7 </data>
         <data type="string"> r_rmnet_data8 </data>
      </list>

      <data name="rev_data_ports_len" type="int"> 9 </data>
      <list name="rev_data_ports">
        <data type="string"> r_rmnet_data0 </data>
        <data type="string"> r_rmnet_data1 </data>
        <data type="string"> r_rmnet_data2 </data>
        <data type="string"> r_rmnet_data3 </data>
        <data type="string"> r_rmnet_data4 </data>
        <data type="string"> r_rmnet_data5 </data>
        <data type="string"> r_rmnet_data6 </data>
        <data type="string"> r_rmnet_data7 </data>
        <data type="string"> r_rmnet_data8 </data>
      </list>

   </listitem>

   <!-- lykan parameters -->
   <listitem name = "lykan">

      <data name="qmi_dpm_enabled" type="int"> 1 </data>
      <data name="dpm_retry_timeout" type="int"> 10000 </data>
      <data name="use_qmuxd" type="int"> 0 </data>
      <data name="wda_data_format_enabled" type="int"> 1 </data>
      <data name="ep_type" type="int"> 5 </data> <!-- 
DATA_EP_TYPE_BAM_DMUX_V01 -->

      <data name="single_qmux_ch_enabled" type="int"> 1 </data>
      <data name="single_qmux_ch_conn_id_str" type="string"> rmnet0 
</data>
      <data name="single_qmux_ch_name" type="string"> DATA5_CNTL </data>

      <data name="rmnet_data_enabled" type="int"> 1 </data>
      <data name="dataformat_agg_dl_pkt" type="int"> 1 </data>
      <data name="dataformat_agg_dl_size" type="int"> 2048 </data>
      <data name="dataformat_agg_ul_pkt" type="int"> 0 </data>
      <data name="dataformat_agg_ul_size" type="int"> 0 </data>
      <data name="phys_net_dev" type="string"> rmnet0 </data>
      <data name="dataformat_dl_data_aggregation_protocol" type="int"> 5 
</data>
      <data name="dataformat_ul_data_aggregation_protocol" type="int"> 5 
</data>
      <data name="dataformat_dl_gro_enabled" type="int"> 0 </data>
      <data name="dataformat_ul_gso_enabled" type="int"> 0 </data>
      <data name="pnd_rps_mask" type="int"> 0 </data>
      <data name="netdev_budget" type="int"> 9 </data>
      <data name="low_latency_filters" type="int"> 0 </data>
      <data name="qos_via_idl" type="int"> 1 </data>
      <data name="num_modems" type="int"> 2 </data>
      <list name="modems_enabled">
         <data type="int"> 1 </data> <!-- MODEM_MSM -->
         <data type="int"> 0 </data> <!-- MODEM_MDM -->
      </list>

      <data name="control_ports_len" type="int"> 8 </data>
      <list name="control_ports">
         <data type="string"> rmnet_data0 </data>
         <data type="string"> rmnet_data1 </data>
         <data type="string"> rmnet_data2 </data>
         <data type="string"> rmnet_data3 </data>
         <data type="string"> rmnet_data4 </data>
         <data type="string"> rmnet_data5 </data>
         <data type="string"> rmnet_data6 </data>
         <data type="string"> rmnet_data7 </data>
      </list>

      <data name="data_ports_len" type="int"> 8 </data>
      <list name="data_ports">
         <data type="string"> rmnet_data0 </data>
         <data type="string"> rmnet_data1 </data>
         <data type="string"> rmnet_data2 </data>
         <data type="string"> rmnet_data3 </data>
         <data type="string"> rmnet_data4 </data>
         <data type="string"> rmnet_data5 </data>
         <data type="string"> rmnet_data6 </data>
         <data type="string"> rmnet_data7 </data>
      </list>
   </listitem>

  <!-- FEERO parameters -->
   <listitem name = "feero">

      <data name="qmi_dpm_enabled" type="int"> 1 </data>
      <data name="use_qmuxd" type="int"> 0 </data>
      <data name="dpm_retry_timeout" type="int"> 10000 </data>
      <data name="wda_data_format_enabled" type="int"> 1 </data>
      <data name="ep_type" type="int"> 5 </data> <!-- 
DATA_EP_TYPE_BAM_DMUX_V01 -->

      <data name="single_qmux_ch_enabled" type="int"> 1 </data>
      <data name="single_qmux_ch_conn_id_str" type="string"> rmnet0 
</data>
      <data name="single_qmux_ch_name" type="string"> DATA5_CNTL </data>

      <data name="rmnet_data_enabled" type="int"> 1 </data>
      <data name="dataformat_agg_dl_pkt" type="int"> 1 </data>
      <data name="dataformat_agg_dl_size" type="int"> 2048 </data>
      <data name="dataformat_agg_ul_pkt" type="int"> 0 </data>
      <data name="dataformat_agg_ul_size" type="int"> 0 </data>
      <data name="phys_net_dev" type="string"> rmnet0 </data>
      <data name="dataformat_dl_data_aggregation_protocol" type="int"> 5 
</data>
      <data name="dataformat_ul_data_aggregation_protocol" type="int"> 5 
</data>
      <data name="dataformat_dl_gro_enabled" type="int"> 0 </data>
      <data name="dataformat_ul_gso_enabled" type="int"> 0 </data>
      <data name="pnd_rps_mask" type="int"> 16 </data>
      <data name="netdev_budget" type="int"> 9 </data>
      <data name="low_latency_filters" type="int"> 0 </data>
      <data name="qos_via_idl" type="int"> 1 </data>
      <data name="num_modems" type="int"> 2 </data>
      <list name="modems_enabled">
         <data type="int"> 1 </data> <!-- MODEM_MSM -->
         <data type="int"> 0 </data> <!-- MODEM_MDM -->
      </list>

      <data name="control_ports_len" type="int"> 8 </data>
      <list name="control_ports">
         <data type="string"> rmnet_data0 </data>
         <data type="string"> rmnet_data1 </data>
         <data type="string"> rmnet_data2 </data>
         <data type="string"> rmnet_data3 </data>
         <data type="string"> rmnet_data4 </data>
         <data type="string"> rmnet_data5 </data>
         <data type="string"> rmnet_data6 </data>
         <data type="string"> rmnet_data7 </data>
      </list>

      <data name="data_ports_len" type="int"> 8 </data>
      <list name="data_ports">
         <data type="string"> rmnet_data0 </data>
         <data type="string"> rmnet_data1 </data>
         <data type="string"> rmnet_data2 </data>
         <data type="string"> rmnet_data3 </data>
         <data type="string"> rmnet_data4 </data>
         <data type="string"> rmnet_data5 </data>
         <data type="string"> rmnet_data6 </data>
         <data type="string"> rmnet_data7 </data>
      </list>

      <data name="iwlan_enable" type="int"> 0 </data>
      <data name="rev_control_ports_len" type="int"> 9 </data>
      <list name="rev_control_ports">
         <data type="string"> r_rmnet_data0 </data>
         <data type="string"> r_rmnet_data1 </data>
         <data type="string"> r_rmnet_data2 </data>
         <data type="string"> r_rmnet_data3 </data>
         <data type="string"> r_rmnet_data4 </data>
         <data type="string"> r_rmnet_data5 </data>
         <data type="string"> r_rmnet_data6 </data>
         <data type="string"> r_rmnet_data7 </data>
         <data type="string"> r_rmnet_data8 </data>
      </list>

      <data name="rev_data_ports_len" type="int"> 9 </data>
      <list name="rev_data_ports">
        <data type="string"> r_rmnet_data0 </data>
        <data type="string"> r_rmnet_data1 </data>
        <data type="string"> r_rmnet_data2 </data>
        <data type="string"> r_rmnet_data3 </data>
        <data type="string"> r_rmnet_data4 </data>
        <data type="string"> r_rmnet_data5 </data>
        <data type="string"> r_rmnet_data6 </data>
        <data type="string"> r_rmnet_data7 </data>
        <data type="string"> r_rmnet_data8 </data>
      </list>
</listitem>

 <!-- feero6 parameters -->
   <listitem name = "feero6">

      <data name="qmi_dpm_enabled" type="int"> 1 </data>
      <data name="use_qmuxd" type="int"> 0 </data>
      <data name="dpm_retry_timeout" type="int"> 10000 </data>
      <data name="wda_data_format_enabled" type="int"> 1 </data>

      <data name="single_qmux_ch_enabled" type="int"> 1 </data>
      <data name="single_qmux_ch_conn_id_str" type="string"> rmnet0 
</data>
      <data name="single_qmux_ch_name" type="string"> DATA5_CNTL </data>

      <data name="rmnet_data_enabled" type="int"> 1 </data>
      <data name="dataformat_agg_dl_pkt" type="int"> 10 </data>
      <data name="dataformat_agg_dl_size" type="int"> 8192 </data>
      <data name="dataformat_agg_ul_pkt" type="int"> 0 </data>
      <data name="dataformat_agg_ul_size" type="int"> 0 </data>
      <data name="phys_net_dev" type="string"> rmnet_ipa0 </data>
      <data name="dataformat_dl_data_aggregation_protocol" type="int"> 7 
</data>
      <data name="dataformat_ul_data_aggregation_protocol" type="int"> 7 
</data>
      <data name="dataformat_dl_gro_enabled" type="int"> 1 </data>
      <data name="dataformat_ul_gso_enabled" type="int"> 1 </data>
      <data name="pnd_rps_mask" type="int"> 16 </data>
      <data name="vnd_rps_mask" type="int"> 32 </data>
      <data name="netdev_budget" type="int"> 9 </data>
      <data name="low_latency_filters" type="int"> 0 </data>
      <data name="qos_via_idl" type="int"> 1 </data>
      <data name="num_modems" type="int"> 2 </data>
      <list name="modems_enabled">
         <data type="int"> 1 </data> <!-- MODEM_MSM -->
         <data type="int"> 0 </data> <!-- MODEM_MDM -->
      </list>

      <data name="control_ports_len" type="int"> 8 </data>
      <list name="control_ports">
         <data type="string"> rmnet_data0 </data>
         <data type="string"> rmnet_data1 </data>
         <data type="string"> rmnet_data2 </data>
         <data type="string"> rmnet_data3 </data>
         <data type="string"> rmnet_data4 </data>
         <data type="string"> rmnet_data5 </data>
         <data type="string"> rmnet_data6 </data>
         <data type="string"> rmnet_data7 </data>
      </list>

      <data name="data_ports_len" type="int"> 8 </data>
      <list name="data_ports">
         <data type="string"> rmnet_data0 </data>
         <data type="string"> rmnet_data1 </data>
         <data type="string"> rmnet_data2 </data>
         <data type="string"> rmnet_data3 </data>
         <data type="string"> rmnet_data4 </data>
         <data type="string"> rmnet_data5 </data>
         <data type="string"> rmnet_data6 </data>
         <data type="string"> rmnet_data7 </data>
      </list>

      <data name="iwlan_enable" type="int"> 1 </data>
      <data name="rev_control_ports_len" type="int"> 9 </data>
      <list name="rev_control_ports">
         <data type="string"> r_rmnet_data0 </data>
         <data type="string"> r_rmnet_data1 </data>
         <data type="string"> r_rmnet_data2 </data>
         <data type="string"> r_rmnet_data3 </data>
         <data type="string"> r_rmnet_data4 </data>
         <data type="string"> r_rmnet_data5 </data>
         <data type="string"> r_rmnet_data6 </data>
         <data type="string"> r_rmnet_data7 </data>
         <data type="string"> r_rmnet_data8 </data>
      </list>

      <data name="rev_data_ports_len" type="int"> 9 </data>
      <list name="rev_data_ports">
        <data type="string"> r_rmnet_data0 </data>
        <data type="string"> r_rmnet_data1 </data>
        <data type="string"> r_rmnet_data2 </data>
        <data type="string"> r_rmnet_data3 </data>
        <data type="string"> r_rmnet_data4 </data>
        <data type="string"> r_rmnet_data5 </data>
        <data type="string"> r_rmnet_data6 </data>
        <data type="string"> r_rmnet_data7 </data>
        <data type="string"> r_rmnet_data8 </data>
      </list>
   </listitem>


 <!-- feerolite6 parameters -->
   <listitem name = "feerolite6">

      <data name="qmi_dpm_enabled" type="int"> 1 </data>
      <data name="use_qmuxd" type="int"> 0 </data>
      <data name="dpm_retry_timeout" type="int"> 10000 </data>
      <data name="wda_data_format_enabled" type="int"> 1 </data>

      <data name="single_qmux_ch_enabled" type="int"> 1 </data>
      <data name="single_qmux_ch_conn_id_str" type="string"> rmnet0 
</data>
      <data name="single_qmux_ch_name" type="string"> DATA5_CNTL </data>

      <data name="rmnet_data_enabled" type="int"> 1 </data>
      <data name="dataformat_agg_dl_pkt" type="int"> 10 </data>
      <data name="dataformat_agg_dl_size" type="int"> 8192 </data>
      <data name="dataformat_agg_ul_pkt" type="int"> 0 </data>
      <data name="dataformat_agg_ul_size" type="int"> 0 </data>
      <data name="phys_net_dev" type="string"> rmnet_ipa0 </data>
      <data name="dataformat_dl_data_aggregation_protocol" type="int"> 7 
</data>
      <data name="dataformat_ul_data_aggregation_protocol" type="int"> 7 
</data>
      <data name="dataformat_dl_gro_enabled" type="int"> 1 </data>
      <data name="dataformat_ul_gso_enabled" type="int"> 1 </data>
      <data name="pnd_rps_mask" type="int"> 2 </data>
      <data name="netdev_budget" type="int"> 9 </data>
      <data name="low_latency_filters" type="int"> 0 </data>
      <data name="qos_via_idl" type="int"> 1 </data>
      <data name="num_modems" type="int"> 2 </data>
      <list name="modems_enabled">
         <data type="int"> 1 </data> <!-- MODEM_MSM -->
         <data type="int"> 0 </data> <!-- MODEM_MDM -->
      </list>

      <data name="control_ports_len" type="int"> 8 </data>
      <list name="control_ports">
         <data type="string"> rmnet_data0 </data>
         <data type="string"> rmnet_data1 </data>
         <data type="string"> rmnet_data2 </data>
         <data type="string"> rmnet_data3 </data>
         <data type="string"> rmnet_data4 </data>
         <data type="string"> rmnet_data5 </data>
         <data type="string"> rmnet_data6 </data>
         <data type="string"> rmnet_data7 </data>
      </list>

      <data name="data_ports_len" type="int"> 8 </data>
      <list name="data_ports">
         <data type="string"> rmnet_data0 </data>
         <data type="string"> rmnet_data1 </data>
         <data type="string"> rmnet_data2 </data>
         <data type="string"> rmnet_data3 </data>
         <data type="string"> rmnet_data4 </data>
         <data type="string"> rmnet_data5 </data>
         <data type="string"> rmnet_data6 </data>
         <data type="string"> rmnet_data7 </data>
      </list>

      <data name="iwlan_enable" type="int"> 1 </data>
      <data name="rev_control_ports_len" type="int"> 9 </data>
      <list name="rev_control_ports">
         <data type="string"> r_rmnet_data0 </data>
         <data type="string"> r_rmnet_data1 </data>
         <data type="string"> r_rmnet_data2 </data>
         <data type="string"> r_rmnet_data3 </data>
         <data type="string"> r_rmnet_data4 </data>
         <data type="string"> r_rmnet_data5 </data>
         <data type="string"> r_rmnet_data6 </data>
         <data type="string"> r_rmnet_data7 </data>
         <data type="string"> r_rmnet_data8 </data>
      </list>

      <data name="rev_data_ports_len" type="int"> 9 </data>
      <list name="rev_data_ports">
        <data type="string"> r_rmnet_data0 </data>
        <data type="string"> r_rmnet_data1 </data>
        <data type="string"> r_rmnet_data2 </data>
        <data type="string"> r_rmnet_data3 </data>
        <data type="string"> r_rmnet_data4 </data>
        <data type="string"> r_rmnet_data5 </data>
        <data type="string"> r_rmnet_data6 </data>
        <data type="string"> r_rmnet_data7 </data>
        <data type="string"> r_rmnet_data8 </data>
      </list>
   </listitem>


   <!-- MSM8992 parameters -->
   <listitem name = "msm8992">

      <data name="qmi_dpm_enabled" type="int"> 1 </data>
      <data name="dpm_retry_timeout" type="int"> 10000 </data>
      <data name="wda_data_format_enabled" type="int"> 1 </data>

      <data name="single_qmux_ch_enabled" type="int"> 1 </data>
      <data name="single_qmux_ch_conn_id_str" type="string"> rmnet0 
</data>
      <data name="single_qmux_ch_name" type="string"> DATA5_CNTL </data>

      <data name="rmnet_data_enabled" type="int"> 1 </data>
      <data name="dataformat_agg_dl_pkt" type="int"> 1 </data>
      <data name="dataformat_agg_dl_size" type="int"> 2048 </data>
      <data name="dataformat_agg_ul_pkt" type="int"> 0 </data>
      <data name="dataformat_agg_ul_size" type="int"> 0 </data>
      <data name="dataformat_dl_data_aggregation_protocol" type="int"> 7 
</data>
      <data name="dataformat_ul_data_aggregation_protocol" type="int"> 5 
</data>
      <data name="dataformat_dl_gro_enabled" type="int"> 0 </data>
      <data name="dataformat_ul_gso_enabled" type="int"> 0 </data>
      <data name="phys_net_dev" type="string"> rmnet_ipa0 </data>
      <data name="pnd_rps_mask" type="int"> 0 </data>
      <data name="qos_via_idl" type="int"> 0 </data>
      <data name="netdev_budget" type="int"> 0 </data>
      <data name="low_latency_filters" type="int"> 0 </data>
      <data name="tc_ul_baserate" type="int"> 55000000 </data>
      <data name="num_modems" type="int"> 2 </data>
      <list name="modems_enabled">
         <data type="int"> 1 </data> <!-- MODEM_MSM -->
         <data type="int"> 0 </data> <!-- MODEM_MDM -->
      </list>

      <data name="control_ports_len" type="int"> 8 </data>
      <list name="control_ports">
         <data type="string"> rmnet_data0 </data>
         <data type="string"> rmnet_data1 </data>
         <data type="string"> rmnet_data2 </data>
         <data type="string"> rmnet_data3 </data>
         <data type="string"> rmnet_data4 </data>
         <data type="string"> rmnet_data5 </data>
         <data type="string"> rmnet_data6 </data>
         <data type="string"> rmnet_data7 </data>
      </list>

      <data name="data_ports_len" type="int"> 8 </data>
      <list name="data_ports">
         <data type="string"> rmnet_data0 </data>
         <data type="string"> rmnet_data1 </data>
         <data type="string"> rmnet_data2 </data>
         <data type="string"> rmnet_data3 </data>
         <data type="string"> rmnet_data4 </data>
         <data type="string"> rmnet_data5 </data>
         <data type="string"> rmnet_data6 </data>
         <data type="string"> rmnet_data7 </data>
      </list>

      <!-- iWLAN ports -->
      <data name="iwlan_enable" type="int"> 1 </data>
      <data name="rev_control_ports_len" type="int"> 9 </data>
      <list name="rev_control_ports">
         <data type="string"> r_rmnet_data0 </data>
         <data type="string"> r_rmnet_data1 </data>
         <data type="string"> r_rmnet_data2 </data>
         <data type="string"> r_rmnet_data3 </data>
         <data type="string"> r_rmnet_data4 </data>
         <data type="string"> r_rmnet_data5 </data>
         <data type="string"> r_rmnet_data6 </data>
         <data type="string"> r_rmnet_data7 </data>
         <data type="string"> r_rmnet_data8 </data>
      </list>

      <data name="rev_data_ports_len" type="int"> 9 </data>
      <list name="rev_data_ports">
        <data type="string"> r_rmnet_data0 </data>
        <data type="string"> r_rmnet_data1 </data>
        <data type="string"> r_rmnet_data2 </data>
        <data type="string"> r_rmnet_data3 </data>
        <data type="string"> r_rmnet_data4 </data>
        <data type="string"> r_rmnet_data5 </data>
        <data type="string"> r_rmnet_data6 </data>
        <data type="string"> r_rmnet_data7 </data>
        <data type="string"> r_rmnet_data8 </data>
      </list>
   </listitem>

<listitem name = "tesla">
     <data name="qmi_dpm_enabled" type="int"> 1 </data>
     <data name="wda_data_format_enabled" type="int"> 1 </data>

     <data name="single_qmux_ch_enabled" type="int"> 1 </data>
     <data name="single_qmux_ch_conn_id_str" type="string"> rmnet0 
</data>
     <data name="single_qmux_ch_name" type="string"> DATA5_CNTL </data>
     <data name="tc_ul_baserate" type="int"> 0 </data>
     <data name="rmnet_data_enabled" type="int"> 1 </data>
     <data name="dataformat_agg_dl_pkt" type="int"> 1 </data>
     <data name="dataformat_agg_dl_size" type="int"> 2048 </data>
     <data name="dataformat_agg_ul_pkt" type="int"> 0 </data>
     <data name="dataformat_agg_ul_size" type="int"> 0 </data>
     <data name="phys_net_dev" type="string"> rmnet_ipa0 </data>
     <data name="dataformat_dl_data_aggregation_protocol" type="int"> 5 
</data>
     <data name="dataformat_ul_data_aggregation_protocol" type="int"> 5 
</data>
     <data name="dataformat_dl_gro_enabled" type="int"> 0 </data>
     <data name="dataformat_ul_gso_enabled" type="int"> 0 </data>
      <data name="qos_via_idl" type="int"> 0n </data>

     <data name="low_latency_filters" type="int"> 0 </data>

     <data name="frag_low_mem" type="int"> 300000 </data>
     <data name="frag_high_mem" type="int"> 400000 </data>

     <data name="num_modems" type="int"> 2 </data>
     <list name="modems_enabled">
        <data type="int"> 1 </data> <!-- MODEM_MSM -->
        <data type="int"> 0 </data> <!-- MODEM_MDM -->
     </list>

     <data name="control_ports_len" type="int"> 8 </data>
     <list name="control_ports">
        <data type="string"> rmnet_data0 </data>
        <data type="string"> rmnet_data1 </data>
        <data type="string"> rmnet_data2 </data>
        <data type="string"> rmnet_data3 </data>
        <data type="string"> rmnet_data4 </data>
        <data type="string"> rmnet_data5 </data>
        <data type="string"> rmnet_data6 </data>
        <data type="string"> rmnet_data7 </data>
     </list>

     <data name="data_ports_len" type="int"> 8 </data>
     <list name="data_ports">
        <data type="string"> rmnet_data0 </data>
        <data type="string"> rmnet_data1 </data>
        <data type="string"> rmnet_data2 </data>
        <data type="string"> rmnet_data3 </data>
        <data type="string"> rmnet_data4 </data>
        <data type="string"> rmnet_data5 </data>
        <data type="string"> rmnet_data6 </data>
        <data type="string"> rmnet_data7 </data>
     </list>
   </listitem>

   <!-- MSM8952/MSM8956 parameters -->
   <listitem name = "tabasco">

      <data name="qmi_dpm_enabled" type="int"> 1 </data>
      <data name="dpm_retry_timeout" type="int"> 10000 </data>
      <data name="wda_data_format_enabled" type="int"> 1 </data>

      <data name="single_qmux_ch_enabled" type="int"> 1 </data>
      <data name="single_qmux_ch_conn_id_str" type="string"> rmnet0 
</data>
      <data name="single_qmux_ch_name" type="string"> DATA5_CNTL </data>
      <data name="tc_ul_baserate" type="int"> 0 </data>
      <data name="rmnet_data_enabled" type="int"> 1 </data>
      <data name="dataformat_agg_dl_pkt" type="int"> 10 </data>
      <data name="dataformat_agg_dl_size" type="int"> 8192 </data>
      <data name="dataformat_agg_ul_pkt" type="int"> 0 </data>
      <data name="dataformat_agg_ul_size" type="int"> 0 </data>
      <data name="dataformat_dl_data_aggregation_protocol" type="int"> 7 
</data>
      <data name="dataformat_ul_data_aggregation_protocol" type="int"> 7 
</data>
      <data name="dataformat_dl_gro_enabled" type="int"> 1 </data>
      <data name="dataformat_ul_gso_enabled" type="int"> 1 </data>
      <data name="phys_net_dev" type="string"> rmnet_ipa0 </data>

      <data name="pnd_rps_mask" type="int"> 16 </data>
      <data name="netdev_budget" type="int"> 0 </data>
      <data name="low_latency_filters" type="int"> 0 </data>
      <data name="qos_via_idl" type="int"> 1 </data>
      <data name="num_modems" type="int"> 2 </data>
      <list name="modems_enabled">
         <data type="int"> 1 </data> <!-- MODEM_MSM -->
         <data type="int"> 0 </data> <!-- MODEM_MDM -->
      </list>

      <data name="control_ports_len" type="int"> 8 </data>
      <list name="control_ports">
         <data type="string"> rmnet_data0 </data>
         <data type="string"> rmnet_data1 </data>
         <data type="string"> rmnet_data2 </data>
         <data type="string"> rmnet_data3 </data>
         <data type="string"> rmnet_data4 </data>
         <data type="string"> rmnet_data5 </data>
         <data type="string"> rmnet_data6 </data>
         <data type="string"> rmnet_data7 </data>
      </list>

      <data name="data_ports_len" type="int"> 8 </data>
      <list name="data_ports">
         <data type="string"> rmnet_data0 </data>
         <data type="string"> rmnet_data1 </data>
         <data type="string"> rmnet_data2 </data>
         <data type="string"> rmnet_data3 </data>
         <data type="string"> rmnet_data4 </data>
         <data type="string"> rmnet_data5 </data>
         <data type="string"> rmnet_data6 </data>
         <data type="string"> rmnet_data7 </data>
      </list>

      <!-- iWLAN ports -->
      <data name="iwlan_enable" type="int"> 1 </data>
      <data name="rev_control_ports_len" type="int"> 9 </data>
      <list name="rev_control_ports">
         <data type="string"> r_rmnet_data0 </data>
         <data type="string"> r_rmnet_data1 </data>
         <data type="string"> r_rmnet_data2 </data>
         <data type="string"> r_rmnet_data3 </data>
         <data type="string"> r_rmnet_data4 </data>
         <data type="string"> r_rmnet_data5 </data>
         <data type="string"> r_rmnet_data6 </data>
         <data type="string"> r_rmnet_data7 </data>
         <data type="string"> r_rmnet_data8 </data>
      </list>

      <data name="rev_data_ports_len" type="int"> 9 </data>
      <list name="rev_data_ports">
        <data type="string"> r_rmnet_data0 </data>
        <data type="string"> r_rmnet_data1 </data>
        <data type="string"> r_rmnet_data2 </data>
        <data type="string"> r_rmnet_data3 </data>
        <data type="string"> r_rmnet_data4 </data>
        <data type="string"> r_rmnet_data5 </data>
        <data type="string"> r_rmnet_data6 </data>
        <data type="string"> r_rmnet_data7 </data>
        <data type="string"> r_rmnet_data8 </data>
      </list>
   </listitem>
   <!-- MSM8976 parameters -->
   <listitem name = "Eldarion">

      <data name="qmi_dpm_enabled" type="int"> 1 </data>
      <data name="dpm_retry_timeout" type="int"> 10000 </data>
      <data name="wda_data_format_enabled" type="int"> 1 </data>

      <data name="single_qmux_ch_enabled" type="int"> 1 </data>
      <data name="single_qmux_ch_conn_id_str" type="string"> rmnet0 
</data>
      <data name="single_qmux_ch_name" type="string"> DATA5_CNTL </data>
      <data name="tc_ul_baserate" type="int"> 0 </data>
      <data name="rmnet_data_enabled" type="int"> 1 </data>
      <data name="dataformat_agg_dl_pkt" type="int"> 10 </data>
      <data name="dataformat_agg_dl_size" type="int"> 8192 </data>
      <data name="dataformat_dl_data_aggregation_protocol" type="int"> 7 
</data>
      <data name="dataformat_ul_data_aggregation_protocol" type="int"> 7 
</data>
      <data name="dataformat_dl_gro_enabled" type="int"> 1 </data>
      <data name="dataformat_ul_gso_enabled" type="int"> 0 </data>
      <data name="phys_net_dev" type="string"> rmnet_ipa0 </data>

      <data name="pnd_rps_mask" type="int"> 01 </data>
      <data name="netdev_budget" type="int"> 0 </data>
      <data name="low_latency_filters" type="int"> 0 </data>

      <data name="num_modems" type="int"> 2 </data>
      <list name="modems_enabled">
         <data type="int"> 1 </data> <!-- MODEM_MSM -->
         <data type="int"> 0 </data> <!-- MODEM_MDM -->
      </list>

      <data name="control_ports_len" type="int"> 8 </data>
      <list name="control_ports">
         <data type="string"> rmnet_data0 </data>
         <data type="string"> rmnet_data1 </data>
         <data type="string"> rmnet_data2 </data>
         <data type="string"> rmnet_data3 </data>
         <data type="string"> rmnet_data4 </data>
         <data type="string"> rmnet_data5 </data>
         <data type="string"> rmnet_data6 </data>
         <data type="string"> rmnet_data7 </data>
      </list>

      <data name="data_ports_len" type="int"> 8 </data>
      <list name="data_ports">
         <data type="string"> rmnet_data0 </data>
         <data type="string"> rmnet_data1 </data>
         <data type="string"> rmnet_data2 </data>
         <data type="string"> rmnet_data3 </data>
         <data type="string"> rmnet_data4 </data>
         <data type="string"> rmnet_data5 </data>
         <data type="string"> rmnet_data6 </data>
         <data type="string"> rmnet_data7 </data>
      </list>

      <!-- iWLAN ports -->
      <data name="iwlan_enable" type="int"> 1 </data>
      <data name="rev_control_ports_len" type="int"> 9 </data>
      <list name="rev_control_ports">
         <data type="string"> r_rmnet_data0 </data>
         <data type="string"> r_rmnet_data1 </data>
         <data type="string"> r_rmnet_data2 </data>
         <data type="string"> r_rmnet_data3 </data>
         <data type="string"> r_rmnet_data4 </data>
         <data type="string"> r_rmnet_data5 </data>
         <data type="string"> r_rmnet_data6 </data>
         <data type="string"> r_rmnet_data7 </data>
         <data type="string"> r_rmnet_data8 </data>
      </list>

      <data name="rev_data_ports_len" type="int"> 9 </data>
      <list name="rev_data_ports">
        <data type="string"> r_rmnet_data0 </data>
        <data type="string"> r_rmnet_data1 </data>
        <data type="string"> r_rmnet_data2 </data>
        <data type="string"> r_rmnet_data3 </data>
        <data type="string"> r_rmnet_data4 </data>
        <data type="string"> r_rmnet_data5 </data>
        <data type="string"> r_rmnet_data6 </data>
        <data type="string"> r_rmnet_data7 </data>
        <data type="string"> r_rmnet_data8 </data>
      </list>
   </listitem>

   <!-- MSM8953 parameters -->
   <listitem name = "jacala">

      <data name="qmi_dpm_enabled" type="int"> 1 </data>
      <data name="use_qmuxd" type="int"> 0 </data>
      <data name="dpm_retry_timeout" type="int"> 10000 </data>
      <data name="wda_data_format_enabled" type="int"> 1 </data>

      <data name="single_qmux_ch_enabled" type="int"> 1 </data>
      <data name="single_qmux_ch_conn_id_str" type="string"> rmnet0 
</data>
      <data name="single_qmux_ch_name" type="string"> DATA5_CNTL </data>

      <data name="rmnet_data_enabled" type="int"> 1 </data>
      <data name="dataformat_agg_dl_pkt" type="int"> 10 </data>
      <data name="dataformat_agg_dl_size" type="int"> 8192 </data>
      <data name="dataformat_agg_ul_pkt" type="int"> 0 </data>
      <data name="dataformat_agg_ul_size" type="int"> 0 </data>
      <data name="dataformat_dl_data_aggregation_protocol" type="int"> 7 
</data>
      <data name="dataformat_ul_data_aggregation_protocol" type="int"> 7 
</data>
      <data name="dataformat_dl_gro_enabled" type="int"> 0 </data>
      <data name="dataformat_ul_gso_enabled" type="int"> 1 </data>
      <data name="phys_net_dev" type="string"> rmnet_ipa0 </data>

      <data name="pnd_rps_mask" type="int"> 16 </data>
      <data name="vnd_rps_mask" type="int"> 0 </data>
      <data name="clat_rps_mask" type="int"> 32 </data>
      <data name="netdev_budget" type="int"> 0 </data>
      <data name="low_latency_filters" type="int"> 0 </data>
      <data name="qos_via_idl" type="int"> 1 </data>

      <data name="num_modems" type="int"> 2 </data>
      <list name="modems_enabled">
         <data type="int"> 1 </data> <!-- MODEM_MSM -->
         <data type="int"> 0 </data> <!-- MODEM_MDM -->
      </list>

      <data name="control_ports_len" type="int"> 8 </data>
      <list name="control_ports">
         <data type="string"> rmnet_data0 </data>
         <data type="string"> rmnet_data1 </data>
         <data type="string"> rmnet_data2 </data>
         <data type="string"> rmnet_data3 </data>
         <data type="string"> rmnet_data4 </data>
         <data type="string"> rmnet_data5 </data>
         <data type="string"> rmnet_data6 </data>
         <data type="string"> rmnet_data7 </data>
      </list>

      <data name="data_ports_len" type="int"> 8 </data>
      <list name="data_ports">
         <data type="string"> rmnet_data0 </data>
         <data type="string"> rmnet_data1 </data>
         <data type="string"> rmnet_data2 </data>
         <data type="string"> rmnet_data3 </data>
         <data type="string"> rmnet_data4 </data>
         <data type="string"> rmnet_data5 </data>
         <data type="string"> rmnet_data6 </data>
         <data type="string"> rmnet_data7 </data>
      </list>

      <!-- iWLAN ports -->
      <data name="iwlan_enable" type="int"> 1 </data>
      <data name="rev_control_ports_len" type="int"> 9 </data>
      <list name="rev_control_ports">
         <data type="string"> r_rmnet_data0 </data>
         <data type="string"> r_rmnet_data1 </data>
         <data type="string"> r_rmnet_data2 </data>
         <data type="string"> r_rmnet_data3 </data>
         <data type="string"> r_rmnet_data4 </data>
         <data type="string"> r_rmnet_data5 </data>
         <data type="string"> r_rmnet_data6 </data>
         <data type="string"> r_rmnet_data7 </data>
         <data type="string"> r_rmnet_data8 </data>
      </list>

      <data name="rev_data_ports_len" type="int"> 9 </data>
      <list name="rev_data_ports">
        <data type="string"> r_rmnet_data0 </data>
        <data type="string"> r_rmnet_data1 </data>
        <data type="string"> r_rmnet_data2 </data>
        <data type="string"> r_rmnet_data3 </data>
        <data type="string"> r_rmnet_data4 </data>
        <data type="string"> r_rmnet_data5 </data>
        <data type="string"> r_rmnet_data6 </data>
        <data type="string"> r_rmnet_data7 </data>
        <data type="string"> r_rmnet_data8 </data>
      </list>
   </listitem>

   <!-- SDM660 parameters -->
   <listitem name = "Starlord">

      <data name="qmi_dpm_enabled" type="int"> 1 </data>
      <data name="use_qmuxd" type="int"> 0 </data>
      <data name="dpm_retry_timeout" type="int"> 10000 </data>
      <data name="wda_data_format_enabled" type="int"> 1 </data>

      <data name="single_qmux_ch_enabled" type="int"> 1 </data>
      <data name="single_qmux_ch_conn_id_str" type="string"> rmnet0 
</data>
      <data name="single_qmux_ch_name" type="string"> DATA5_CNTL </data>

      <data name="tc_ul_baserate" type="int"> 155000000 </data>
      <data name="dynamic_tc_ul_baserate" type="int"> 1 </data>
      <data name="tc_ul_burst" type="int"> 25000 </data>

      <data name="rmnet_data_enabled" type="int"> 1 </data>
      <data name="dataformat_agg_dl_pkt" type="int"> 10 </data>
      <data name="dataformat_agg_dl_size" type="int"> 8192 </data>
      <data name="dataformat_agg_ul_pkt" type="int"> 0 </data>
      <data name="dataformat_agg_ul_size" type="int"> 0 </data>
      <data name="dataformat_dl_data_aggregation_protocol" type="int"> 7 
</data>
      <data name="dataformat_ul_data_aggregation_protocol" type="int"> 7 
</data>
      <data name="dataformat_dl_gro_enabled" type="int"> 1 </data>
      <data name="dataformat_ul_gso_enabled" type="int"> 1 </data>
      <data name="phys_net_dev" type="string"> rmnet_ipa0 </data>
      <data name="netdev_max_backlog" type="int"> 10000 </data>

      <data name="disable_tcp_hystart_detect" type="int"> 1 </data>
      <data name="disable_hystart" type="int"> 1 </data>
      <data name="initial_ssthresh" type="int"> 1400 </data>

      <data name="pnd_rps_mask" type="int"> 2 </data>
      <data name="vnd_rps_mask" type="int"> 4 </data>
      <data name="clat_rps_mask" type="int"> 8 </data>
      <data name="netdev_budget" type="int"> 0 </data>
      <data name="low_latency_filters" type="int"> 0 </data>
      <data name="qos_via_idl" type="int"> 1 </data>

      <data name="num_modems" type="int"> 2 </data>
      <list name="modems_enabled">
         <data type="int"> 1 </data> <!-- MODEM_MSM -->
         <data type="int"> 0 </data> <!-- MODEM_MDM -->
      </list>

      <data name="control_ports_len" type="int"> 8 </data>
      <list name="control_ports">
         <data type="string"> rmnet_data0 </data>
         <data type="string"> rmnet_data1 </data>
         <data type="string"> rmnet_data2 </data>
         <data type="string"> rmnet_data3 </data>
         <data type="string"> rmnet_data4 </data>
         <data type="string"> rmnet_data5 </data>
         <data type="string"> rmnet_data6 </data>
         <data type="string"> rmnet_data7 </data>
      </list>

      <data name="data_ports_len" type="int"> 8 </data>
      <list name="data_ports">
         <data type="string"> rmnet_data0 </data>
         <data type="string"> rmnet_data1 </data>
         <data type="string"> rmnet_data2 </data>
         <data type="string"> rmnet_data3 </data>
         <data type="string"> rmnet_data4 </data>
         <data type="string"> rmnet_data5 </data>
         <data type="string"> rmnet_data6 </data>
         <data type="string"> rmnet_data7 </data>
      </list>

      <!-- iWLAN ports -->
      <data name="iwlan_enable" type="int"> 1 </data>
      <data name="rev_control_ports_len" type="int"> 9 </data>
      <list name="rev_control_ports">
         <data type="string"> r_rmnet_data0 </data>
         <data type="string"> r_rmnet_data1 </data>
         <data type="string"> r_rmnet_data2 </data>
         <data type="string"> r_rmnet_data3 </data>
         <data type="string"> r_rmnet_data4 </data>
         <data type="string"> r_rmnet_data5 </data>
         <data type="string"> r_rmnet_data6 </data>
         <data type="string"> r_rmnet_data7 </data>
         <data type="string"> r_rmnet_data8 </data>
      </list>

      <data name="rev_data_ports_len" type="int"> 9 </data>
      <list name="rev_data_ports">
        <data type="string"> r_rmnet_data0 </data>
        <data type="string"> r_rmnet_data1 </data>
        <data type="string"> r_rmnet_data2 </data>
        <data type="string"> r_rmnet_data3 </data>
        <data type="string"> r_rmnet_data4 </data>
        <data type="string"> r_rmnet_data5 </data>
        <data type="string"> r_rmnet_data6 </data>
        <data type="string"> r_rmnet_data7 </data>
        <data type="string"> r_rmnet_data8 </data>
      </list>
   </listitem>

   <!-- SDM630 parameters -->
   <listitem name = "Starhawk">

      <data name="qmi_dpm_enabled" type="int"> 1 </data>
      <data name="use_qmuxd" type="int"> 0 </data>
      <data name="dpm_retry_timeout" type="int"> 10000 </data>
      <data name="wda_data_format_enabled" type="int"> 1 </data>

      <data name="single_qmux_ch_enabled" type="int"> 1 </data>
      <data name="single_qmux_ch_conn_id_str" type="string"> rmnet0 
</data>
      <data name="single_qmux_ch_name" type="string"> DATA5_CNTL </data>

      <data name="tc_ul_baserate" type="int"> 155000000 </data>
      <data name="dynamic_tc_ul_baserate" type="int"> 1 </data>
      <data name="tc_ul_burst" type="int"> 25000 </data>

      <data name="rmnet_data_enabled" type="int"> 1 </data>
      <data name="dataformat_agg_dl_pkt" type="int"> 10 </data>
      <data name="dataformat_agg_dl_size" type="int"> 8192 </data>
      <data name="dataformat_agg_ul_pkt" type="int"> 0 </data>
      <data name="dataformat_agg_ul_size" type="int"> 0 </data>
      <data name="dataformat_dl_data_aggregation_protocol" type="int"> 7 
</data>
      <data name="dataformat_ul_data_aggregation_protocol" type="int"> 7 
</data>
      <data name="dataformat_dl_gro_enabled" type="int"> 1 </data>
      <data name="dataformat_ul_gso_enabled" type="int"> 1 </data>
      <data name="phys_net_dev" type="string"> rmnet_ipa0 </data>
      <data name="netdev_max_backlog" type="int"> 10000 </data>

      <data name="disable_tcp_hystart_detect" type="int"> 1 </data>
      <data name="disable_hystart" type="int"> 1 </data>
      <data name="initial_ssthresh" type="int"> 1400 </data>

      <data name="pnd_rps_mask" type="int"> 2 </data>
      <data name="vnd_rps_mask" type="int"> 4 </data>
      <data name="clat_rps_mask" type="int"> 8 </data>
      <data name="netdev_budget" type="int"> 0 </data>
      <data name="low_latency_filters" type="int"> 0 </data>
      <data name="qos_via_idl" type="int"> 1 </data>

      <data name="num_modems" type="int"> 2 </data>
      <list name="modems_enabled">
         <data type="int"> 1 </data> <!-- MODEM_MSM -->
         <data type="int"> 0 </data> <!-- MODEM_MDM -->
      </list>

      <data name="control_ports_len" type="int"> 8 </data>
      <list name="control_ports">
         <data type="string"> rmnet_data0 </data>
         <data type="string"> rmnet_data1 </data>
         <data type="string"> rmnet_data2 </data>
         <data type="string"> rmnet_data3 </data>
         <data type="string"> rmnet_data4 </data>
         <data type="string"> rmnet_data5 </data>
         <data type="string"> rmnet_data6 </data>
         <data type="string"> rmnet_data7 </data>
      </list>

      <data name="data_ports_len" type="int"> 8 </data>
      <list name="data_ports">
         <data type="string"> rmnet_data0 </data>
         <data type="string"> rmnet_data1 </data>
         <data type="string"> rmnet_data2 </data>
         <data type="string"> rmnet_data3 </data>
         <data type="string"> rmnet_data4 </data>
         <data type="string"> rmnet_data5 </data>
         <data type="string"> rmnet_data6 </data>
         <data type="string"> rmnet_data7 </data>
      </list>

      <!-- iWLAN ports -->
      <data name="iwlan_enable" type="int"> 1 </data>
      <data name="rev_control_ports_len" type="int"> 9 </data>
      <list name="rev_control_ports">
         <data type="string"> r_rmnet_data0 </data>
         <data type="string"> r_rmnet_data1 </data>
         <data type="string"> r_rmnet_data2 </data>
         <data type="string"> r_rmnet_data3 </data>
         <data type="string"> r_rmnet_data4 </data>
         <data type="string"> r_rmnet_data5 </data>
         <data type="string"> r_rmnet_data6 </data>
         <data type="string"> r_rmnet_data7 </data>
         <data type="string"> r_rmnet_data8 </data>
      </list>

      <data name="rev_data_ports_len" type="int"> 9 </data>
      <list name="rev_data_ports">
        <data type="string"> r_rmnet_data0 </data>
        <data type="string"> r_rmnet_data1 </data>
        <data type="string"> r_rmnet_data2 </data>
        <data type="string"> r_rmnet_data3 </data>
        <data type="string"> r_rmnet_data4 </data>
        <data type="string"> r_rmnet_data5 </data>
        <data type="string"> r_rmnet_data6 </data>
        <data type="string"> r_rmnet_data7 </data>
        <data type="string"> r_rmnet_data8 </data>
      </list>
   </listitem>

    <!-- SDM670 parameters -->
   <listitem name = "Warlock">

      <data name="qmi_dpm_enabled" type="int"> 1 </data>
      <data name="use_qmuxd" type="int"> 0 </data>
      <data name="dpm_retry_timeout" type="int"> 10000 </data>
      <data name="wda_data_format_enabled" type="int"> 1 </data>

      <data name="single_qmux_ch_enabled" type="int"> 1 </data>
      <data name="single_qmux_ch_conn_id_str" type="string"> rmnet0 
</data>
      <data name="single_qmux_ch_name" type="string"> DATA5_CNTL </data>

      <data name="tc_ul_baserate" type="int"> 155000000 </data>
      <data name="dynamic_tc_ul_baserate" type="int"> 1 </data>
      <data name="tc_ul_burst" type="int"> 25000 </data>

      <data name="rmnet_data_enabled" type="int"> 1 </data>
      <data name="dataformat_agg_dl_pkt" type="int"> 10 </data>
      <data name="dataformat_agg_dl_size" type="int"> 8192 </data>
      <data name="dataformat_agg_ul_pkt" type="int"> 0 </data>
      <data name="dataformat_agg_ul_size" type="int"> 0 </data>
      <data name="dataformat_dl_data_aggregation_protocol" type="int"> 8 
</data>
      <data name="dataformat_ul_data_aggregation_protocol" type="int"> 8 
</data>
      <data name="dataformat_dl_gro_enabled" type="int"> 1 </data>
      <data name="dataformat_ul_gso_enabled" type="int"> 1 </data>
      <data name="phys_net_dev" type="string"> rmnet_ipa0 </data>
      <data name="netdev_max_backlog" type="int"> 10000 </data>

      <data name="disable_tcp_hystart_detect" type="int"> 1 </data>
      <data name="disable_hystart" type="int"> 1 </data>
      <data name="initial_ssthresh" type="int"> 1400 </data>

      <data name="pnd_rps_mask" type="int"> 2 </data>
      <data name="vnd_rps_mask" type="int"> 13 </data>
      <data name="netdev_budget" type="int"> 0 </data>
      <data name="low_latency_filters" type="int"> 0 </data>
      <data name="qos_via_idl" type="int"> 1 </data>

      <data name="num_modems" type="int"> 2 </data>
      <list name="modems_enabled">
         <data type="int"> 1 </data> <!-- MODEM_MSM -->
         <data type="int"> 0 </data> <!-- MODEM_MDM -->
      </list>

      <data name="control_ports_len" type="int"> 8 </data>
      <list name="control_ports">
         <data type="string"> rmnet_data0 </data>
         <data type="string"> rmnet_data1 </data>
         <data type="string"> rmnet_data2 </data>
         <data type="string"> rmnet_data3 </data>
         <data type="string"> rmnet_data4 </data>
         <data type="string"> rmnet_data5 </data>
         <data type="string"> rmnet_data6 </data>
         <data type="string"> rmnet_data7 </data>
      </list>

      <data name="data_ports_len" type="int"> 8 </data>
      <list name="data_ports">
         <data type="string"> rmnet_data0 </data>
         <data type="string"> rmnet_data1 </data>
         <data type="string"> rmnet_data2 </data>
         <data type="string"> rmnet_data3 </data>
         <data type="string"> rmnet_data4 </data>
         <data type="string"> rmnet_data5 </data>
         <data type="string"> rmnet_data6 </data>
         <data type="string"> rmnet_data7 </data>
      </list>

      <!-- iWLAN ports -->
      <data name="iwlan_enable" type="int"> 1 </data>
      <data name="rev_control_ports_len" type="int"> 9 </data>
      <list name="rev_control_ports">
         <data type="string"> r_rmnet_data0 </data>
         <data type="string"> r_rmnet_data1 </data>
         <data type="string"> r_rmnet_data2 </data>
         <data type="string"> r_rmnet_data3 </data>
         <data type="string"> r_rmnet_data4 </data>
         <data type="string"> r_rmnet_data5 </data>
         <data type="string"> r_rmnet_data6 </data>
         <data type="string"> r_rmnet_data7 </data>
         <data type="string"> r_rmnet_data8 </data>
      </list>

      <data name="rev_data_ports_len" type="int"> 9 </data>
      <list name="rev_data_ports">
        <data type="string"> r_rmnet_data0 </data>
        <data type="string"> r_rmnet_data1 </data>
        <data type="string"> r_rmnet_data2 </data>
        <data type="string"> r_rmnet_data3 </data>
        <data type="string"> r_rmnet_data4 </data>
        <data type="string"> r_rmnet_data5 </data>
        <data type="string"> r_rmnet_data6 </data>
        <data type="string"> r_rmnet_data7 </data>
        <data type="string"> r_rmnet_data8 </data>
      </list>
   </listitem>

   <!-- MSM8996 parameters -->
   <listitem name = "msm8996">

      <data name="qmi_dpm_enabled" type="int"> 1 </data>
      <data name="use_qmuxd" type="int"> 0 </data>
      <data name="dpm_retry_timeout" type="int"> 10000 </data>
      <data name="wda_data_format_enabled" type="int"> 1 </data>

      <data name="single_qmux_ch_enabled" type="int"> 1 </data>
      <data name="single_qmux_ch_conn_id_str" type="string"> rmnet0 
</data>
      <data name="single_qmux_ch_name" type="string"> DATA5_CNTL </data>
      <data name="tc_ul_baserate" type="int"> 155000000 </data>
      <data name="dynamic_tc_ul_baserate" type="int"> 1 </data>
      <data name="tc_ul_burst" type="int"> 25000 </data>
      <data name="rmnet_data_enabled" type="int"> 1 </data>
      <data name="dataformat_agg_dl_pkt" type="int"> 10 </data>
      <data name="dataformat_agg_dl_size" type="int"> 8192 </data>
      <data name="dataformat_agg_ul_pkt" type="int"> 0 </data>
      <data name="dataformat_agg_ul_size" type="int"> 0 </data>
      <data name="dataformat_dl_data_aggregation_protocol" type="int"> 8 
</data>
      <data name="dataformat_ul_data_aggregation_protocol" type="int"> 8 
</data>
      <data name="dataformat_dl_gro_enabled" type="int"> 1 </data>
      <data name="dataformat_ul_gso_enabled" type="int"> 0 </data>
      <data name="phys_net_dev" type="string"> rmnet_ipa0 </data>

      <data name="pnd_rps_mask" type="int"> 2 </data>
      <data name="vnd_rps_mask" type="int"> 15 </data>
      <data name="netdev_budget" type="int"> 0 </data>
      <data name="disable_tcp_hystart_detect" type="int"> 1 </data>
      <data name="low_latency_filters" type="int"> 0 </data>
      <data name="qos_via_idl" type="int"> 1 </data>

      <data name="num_modems" type="int"> 2 </data>
      <list name="modems_enabled">
         <data type="int"> 1 </data> <!-- MODEM_MSM -->
         <data type="int"> 0 </data> <!-- MODEM_MDM -->
      </list>

      <data name="control_ports_len" type="int"> 8 </data>
      <list name="control_ports">
         <data type="string"> rmnet_data0 </data>
         <data type="string"> rmnet_data1 </data>
         <data type="string"> rmnet_data2 </data>
         <data type="string"> rmnet_data3 </data>
         <data type="string"> rmnet_data4 </data>
         <data type="string"> rmnet_data5 </data>
         <data type="string"> rmnet_data6 </data>
         <data type="string"> rmnet_data7 </data>
      </list>

      <data name="data_ports_len" type="int"> 8 </data>
      <list name="data_ports">
         <data type="string"> rmnet_data0 </data>
         <data type="string"> rmnet_data1 </data>
         <data type="string"> rmnet_data2 </data>
         <data type="string"> rmnet_data3 </data>
         <data type="string"> rmnet_data4 </data>
         <data type="string"> rmnet_data5 </data>
         <data type="string"> rmnet_data6 </data>
         <data type="string"> rmnet_data7 </data>
      </list>

      <!-- iWLAN ports -->
      <data name="iwlan_enable" type="int"> 1 </data>
      <data name="rev_control_ports_len" type="int"> 9 </data>
      <list name="rev_control_ports">
         <data type="string"> r_rmnet_data0 </data>
         <data type="string"> r_rmnet_data1 </data>
         <data type="string"> r_rmnet_data2 </data>
         <data type="string"> r_rmnet_data3 </data>
         <data type="string"> r_rmnet_data4 </data>
         <data type="string"> r_rmnet_data5 </data>
         <data type="string"> r_rmnet_data6 </data>
         <data type="string"> r_rmnet_data7 </data>
         <data type="string"> r_rmnet_data8 </data>
      </list>

      <data name="rev_data_ports_len" type="int"> 9 </data>
      <list name="rev_data_ports">
        <data type="string"> r_rmnet_data0 </data>
        <data type="string"> r_rmnet_data1 </data>
        <data type="string"> r_rmnet_data2 </data>
        <data type="string"> r_rmnet_data3 </data>
        <data type="string"> r_rmnet_data4 </data>
        <data type="string"> r_rmnet_data5 </data>
        <data type="string"> r_rmnet_data6 </data>
        <data type="string"> r_rmnet_data7 </data>
        <data type="string"> r_rmnet_data8 </data>
      </list>
   </listitem>

  <!-- Fusion 8084 + 9x45 (PCIe) parameters -->
  <listitem name = "fusion_8084_9x45_pcie">

    <data name="use_qmuxd" type="int"> 1 </data>
    <data name="qmi_dpm_enabled" type="int"> 0 </data>
    <data name="dpm_retry_timeout" type="int"> 10000 </data>
    <data name="wda_data_format_enabled" type="int"> 1 </data>
    <data name="ep_type" type="int"> 3 </data>

    <data name="single_qmux_ch_enabled" type="int"> 1 </data>
    <data name="single_qmux_ch_conn_id_str" type="string"> rmnet_mhi0 
</data>
    <data name="single_qmux_ch_name" type="string"> MHICTL0 </data>

    <data name="rmnet_data_enabled" type="int"> 1 </data>
    <data name="dataformat_agg_dl_pkt" type="int"> 32 </data>
    <data name="dataformat_agg_dl_size" type="int"> 16384 </data>
    <data name="dataformat_agg_ul_pkt" type="int"> 32 </data>
    <data name="dataformat_agg_ul_size" type="int"> 16384 </data>
    <data name="dataformat_dl_data_aggregation_protocol" type="int"> 5 
</data>
    <data name="dataformat_ul_data_aggregation_protocol" type="int"> 5 
</data>
    <data name="dataformat_dl_gro_enabled" type="int"> 0 </data>
    <data name="dataformat_ul_gso_enabled" type="int"> 0 </data>
    <data name="phys_net_dev" type="string"> rmnet_mhi0 </data>
    <data name="tc_ul_baserate" type="int"> 0 </data>
    <data name="pnd_rps_mask" type="int"> 1 </data>
    <data name="vnd_rps_mask" type="int"> 0 </data>
    <data name="netdev_budget" type="int"> 9 </data>
    <data name="low_latency_filters" type="int"> 0 </data>

    <data name="num_modems" type="int"> 2 </data>
    <list name="modems_enabled">
      <data type="int"> 1 </data> <!-- MODEM_MSM -->
      <data type="int"> 0 </data> <!-- MODEM_MDM -->
    </list>

    <data name="control_ports_len" type="int"> 8 </data>
    <list name="control_ports">
      <data type="string"> rmnet_data0 </data>
      <data type="string"> rmnet_data1 </data>
      <data type="string"> rmnet_data2 </data>
      <data type="string"> rmnet_data3 </data>
      <data type="string"> rmnet_data4 </data>
      <data type="string"> rmnet_data5 </data>
      <data type="string"> rmnet_data6 </data>
      <data type="string"> rmnet_data7 </data>
    </list>

    <data name="data_ports_len" type="int"> 8 </data>
    <list name="data_ports">
      <data type="string"> rmnet_data0 </data>
      <data type="string"> rmnet_data1 </data>
      <data type="string"> rmnet_data2 </data>
      <data type="string"> rmnet_data3 </data>
      <data type="string"> rmnet_data4 </data>
      <data type="string"> rmnet_data5 </data>
      <data type="string"> rmnet_data6 </data>
      <data type="string"> rmnet_data7 </data>
    </list>

    <data name="iwlan_enable" type="int"> 1 </data>
    <data name="rev_control_ports_len" type="int"> 9 </data>
    <list name="rev_control_ports">
      <data type="string"> r_rmnet_data0 </data>
      <data type="string"> r_rmnet_data1 </data>
      <data type="string"> r_rmnet_data2 </data>
      <data type="string"> r_rmnet_data3 </data>
      <data type="string"> r_rmnet_data4 </data>
      <data type="string"> r_rmnet_data5 </data>
      <data type="string"> r_rmnet_data6 </data>
      <data type="string"> r_rmnet_data7 </data>
      <data type="string"> r_rmnet_data8 </data>
    </list>

    <data name="rev_data_ports_len" type="int"> 9 </data>
    <list name="rev_data_ports">
      <data type="string"> r_rmnet_data0 </data>
      <data type="string"> r_rmnet_data1 </data>
      <data type="string"> r_rmnet_data2 </data>
      <data type="string"> r_rmnet_data3 </data>
      <data type="string"> r_rmnet_data4 </data>
      <data type="string"> r_rmnet_data5 </data>
      <data type="string"> r_rmnet_data6 </data>
      <data type="string"> r_rmnet_data7 </data>
      <data type="string"> r_rmnet_data8 </data>
    </list>
  </listitem>

<listitem name = "atlas">

      <data name="qmi_dpm_enabled" type="int"> 1 </data>
      <data name="use_qmuxd" type="int"> 0 </data>
      <data name="dpm_retry_timeout" type="int"> 10000 </data>
      <data name="wda_data_format_enabled" type="int"> 1 </data>

     <data name="single_qmux_ch_enabled" type="int"> 1 </data>
     <data name="single_qmux_ch_conn_id_str" type="string"> rmnet0 
</data>
     <data name="single_qmux_ch_name" type="string"> DATA5_CNTL </data>

     <data name="rmnet_data_enabled" type="int"> 1 </data>
     <data name="dataformat_agg_dl_pkt" type="int"> 1 </data>
     <data name="dataformat_agg_dl_size" type="int"> 2048 </data>
     <data name="dataformat_agg_ul_pkt" type="int"> 0 </data>
     <data name="dataformat_agg_ul_size" type="int"> 0 </data>
     <data name="phys_net_dev" type="string"> rmnet_ipa0 </data>
     <data name="dataformat_dl_data_aggregation_protocol" type="int"> 5 
</data>
     <data name="dataformat_ul_data_aggregation_protocol" type="int"> 5 
</data>
     <data name="dataformat_dl_gro_enabled" type="int"> 0 </data>
     <data name="dataformat_ul_gso_enabled" type="int"> 0 </data>
     <data name="qos_via_idl" type="int"> 0 </data>
     <data name="tc_ul_baserate" type="int"> 0 </data>

     <data name="low_latency_filters" type="int"> 0 </data>

     <data name="frag_low_mem" type="int"> 300000 </data>
     <data name="frag_high_mem" type="int"> 400000 </data>

     <data name="num_modems" type="int"> 2 </data>
     <list name="modems_enabled">
        <data type="int"> 1 </data> <!-- MODEM_MSM -->
        <data type="int"> 0 </data> <!-- MODEM_MDM -->
     </list>

     <data name="control_ports_len" type="int"> 8 </data>
     <list name="control_ports">
        <data type="string"> rmnet_data0 </data>
        <data type="string"> rmnet_data1 </data>
        <data type="string"> rmnet_data2 </data>
        <data type="string"> rmnet_data3 </data>
        <data type="string"> rmnet_data4 </data>
        <data type="string"> rmnet_data5 </data>
        <data type="string"> rmnet_data6 </data>
        <data type="string"> rmnet_data7 </data>
     </list>

     <data name="data_ports_len" type="int"> 8 </data>
     <list name="data_ports">
        <data type="string"> rmnet_data0 </data>
        <data type="string"> rmnet_data1 </data>
        <data type="string"> rmnet_data2 </data>
        <data type="string"> rmnet_data3 </data>
        <data type="string"> rmnet_data4 </data>
        <data type="string"> rmnet_data5 </data>
        <data type="string"> rmnet_data6 </data>
        <data type="string"> rmnet_data7 </data>
     </list>
   </listitem>

  <!-- Fusion 8096 + 9x55 (PCIe) parameters -->
  <listitem name = "fusion_8096_9x55_pcie">

    <data name="use_qmuxd" type="int"> 1 </data>
    <data name="qmi_dpm_enabled" type="int"> 0 </data>
    <data name="dpm_retry_timeout" type="int"> 10000 </data>
    <data name="wda_data_format_enabled" type="int"> 1 </data>
    <data name="ep_type" type="int"> 3 </data>

    <data name="single_qmux_ch_enabled" type="int"> 1 </data>
    <data name="single_qmux_ch_conn_id_str" type="string"> rmnet_mhi0 
</data>
    <data name="single_qmux_ch_name" type="string"> MHICTL0 </data>

    <data name="rmnet_data_enabled" type="int"> 1 </data>
    <data name="dataformat_agg_dl_pkt" type="int"> 1 </data>
    <data name="dataformat_agg_dl_size" type="int"> 1504 </data>
    <data name="dataformat_agg_ul_pkt" type="int"> 1 </data>
    <data name="dataformat_agg_ul_size" type="int"> 1504 </data>
    <data name="dataformat_dl_data_aggregation_protocol" type="int"> 5 
</data>
    <data name="dataformat_ul_data_aggregation_protocol" type="int"> 5 
</data>
    <data name="dataformat_dl_gro_enabled" type="int"> 0 </data>
    <data name="dataformat_ul_gso_enabled" type="int"> 1 </data>
    <data name="phys_net_dev" type="string"> rmnet_mhi0 </data>
    <data name="tc_ul_baserate" type="int"> 0 </data>
    <data name="pnd_rps_mask" type="int"> 1 </data>
    <data name="vnd_rps_mask" type="int"> 4 </data>
    <data name="netdev_budget" type="int"> 0 </data>
    <data name="low_latency_filters" type="int"> 1 </data>
    <data name="ibfc" type="int"> 1 </data>
    <data name="qos_disabled" type="int"> 1 </data>

    <data name="num_modems" type="int"> 2 </data>
    <list name="modems_enabled">
      <data type="int"> 1 </data> <!-- MODEM_MSM -->
      <data type="int"> 0 </data> <!-- MODEM_MDM -->
    </list>

    <data name="control_ports_len" type="int"> 8 </data>
    <list name="control_ports">
      <data type="string"> rmnet_data0 </data>
      <data type="string"> rmnet_data1 </data>
      <data type="string"> rmnet_data2 </data>
      <data type="string"> rmnet_data3 </data>
      <data type="string"> rmnet_data4 </data>
      <data type="string"> rmnet_data5 </data>
      <data type="string"> rmnet_data6 </data>
      <data type="string"> rmnet_data7 </data>
    </list>

    <data name="data_ports_len" type="int"> 8 </data>
    <list name="data_ports">
      <data type="string"> rmnet_data0 </data>
      <data type="string"> rmnet_data1 </data>
      <data type="string"> rmnet_data2 </data>
      <data type="string"> rmnet_data3 </data>
      <data type="string"> rmnet_data4 </data>
      <data type="string"> rmnet_data5 </data>
      <data type="string"> rmnet_data6 </data>
      <data type="string"> rmnet_data7 </data>
    </list>

    <data name="iwlan_enable" type="int"> 1 </data>
    <data name="rev_control_ports_len" type="int"> 9 </data>
    <list name="rev_control_ports">
      <data type="string"> r_rmnet_data0 </data>
      <data type="string"> r_rmnet_data1 </data>
      <data type="string"> r_rmnet_data2 </data>
      <data type="string"> r_rmnet_data3 </data>
      <data type="string"> r_rmnet_data4 </data>
      <data type="string"> r_rmnet_data5 </data>
      <data type="string"> r_rmnet_data6 </data>
      <data type="string"> r_rmnet_data7 </data>
      <data type="string"> r_rmnet_data8 </data>
    </list>

    <data name="rev_data_ports_len" type="int"> 9 </data>
    <list name="rev_data_ports">
      <data type="string"> r_rmnet_data0 </data>
      <data type="string"> r_rmnet_data1 </data>
      <data type="string"> r_rmnet_data2 </data>
      <data type="string"> r_rmnet_data3 </data>
      <data type="string"> r_rmnet_data4 </data>
      <data type="string"> r_rmnet_data5 </data>
      <data type="string"> r_rmnet_data6 </data>
      <data type="string"> r_rmnet_data7 </data>
      <data type="string"> r_rmnet_data8 </data>
    </list>
  </listitem>

   <!-- msm8998 parameters -->
   <listitem name = "msm8998">

      <data name="qmi_dpm_enabled" type="int"> 1 </data>
      <data name="use_qmuxd" type="int"> 0 </data>
      <data name="dpm_retry_timeout" type="int"> 10000 </data>
      <data name="wda_data_format_enabled" type="int"> 1 </data>

      <data name="single_qmux_ch_enabled" type="int"> 1 </data>
      <data name="single_qmux_ch_conn_id_str" type="string"> rmnet0 
</data>
      <data name="single_qmux_ch_name" type="string"> DATA5_CNTL </data>
      <data name="tc_ul_baserate" type="int"> 155000000 </data>
      <data name="dynamic_tc_ul_baserate" type="int"> 1 </data>
      <data name="tc_ul_burst" type="int"> 25000 </data>
      <data name="rmnet_data_enabled" type="int"> 1 </data>
      <data name="dataformat_agg_dl_pkt" type="int"> 10 </data>
      <data name="dataformat_agg_dl_size" type="int"> 8192 </data>
      <data name="dataformat_agg_ul_pkt" type="int"> 0 </data>
      <data name="dataformat_agg_ul_size" type="int"> 0 </data>
      <data name="dataformat_dl_data_aggregation_protocol" type="int"> 8 
</data>
      <data name="dataformat_ul_data_aggregation_protocol" type="int"> 8 
</data>
      <data name="dataformat_dl_gro_enabled" type="int"> 1 </data>
      <data name="dataformat_ul_gso_enabled" type="int"> 1 </data>
      <data name="phys_net_dev" type="string"> rmnet_ipa0 </data>
      <data name="netdev_max_backlog" type="int"> 10000 </data>

      <data name="disable_tcp_hystart_detect" type="int"> 1 </data>
      <data name="disable_hystart" type="int"> 1 </data>
      <data name="initial_ssthresh" type="int"> 1400 </data>

      <data name="pnd_rps_mask" type="int"> 2 </data>
      <data name="vnd_rps_mask" type="int"> 13 </data>
      <data name="netdev_budget" type="int"> 0 </data>
      <data name="low_latency_filters" type="int"> 0 </data>
      <data name="qos_via_idl" type="int"> 1 </data>

      <data name="num_modems" type="int"> 2 </data>
      <list name="modems_enabled">
         <data type="int"> 1 </data> <!-- MODEM_MSM -->
         <data type="int"> 0 </data> <!-- MODEM_MDM -->
      </list>

      <data name="control_ports_len" type="int"> 8 </data>
      <list name="control_ports">
         <data type="string"> rmnet_data0 </data>
         <data type="string"> rmnet_data1 </data>
         <data type="string"> rmnet_data2 </data>
         <data type="string"> rmnet_data3 </data>
         <data type="string"> rmnet_data4 </data>
         <data type="string"> rmnet_data5 </data>
         <data type="string"> rmnet_data6 </data>
         <data type="string"> rmnet_data7 </data>
      </list>

      <data name="data_ports_len" type="int"> 8 </data>
      <list name="data_ports">
         <data type="string"> rmnet_data0 </data>
         <data type="string"> rmnet_data1 </data>
         <data type="string"> rmnet_data2 </data>
         <data type="string"> rmnet_data3 </data>
         <data type="string"> rmnet_data4 </data>
         <data type="string"> rmnet_data5 </data>
         <data type="string"> rmnet_data6 </data>
         <data type="string"> rmnet_data7 </data>
      </list>

      <!-- iWLAN ports -->
      <data name="iwlan_enable" type="int"> 1 </data>
      <data name="rev_control_ports_len" type="int"> 9 </data>
      <list name="rev_control_ports">
         <data type="string"> r_rmnet_data0 </data>
         <data type="string"> r_rmnet_data1 </data>
         <data type="string"> r_rmnet_data2 </data>
         <data type="string"> r_rmnet_data3 </data>
         <data type="string"> r_rmnet_data4 </data>
         <data type="string"> r_rmnet_data5 </data>
         <data type="string"> r_rmnet_data6 </data>
         <data type="string"> r_rmnet_data7 </data>
         <data type="string"> r_rmnet_data8 </data>
      </list>

      <data name="rev_data_ports_len" type="int"> 9 </data>
      <list name="rev_data_ports">
        <data type="string"> r_rmnet_data0 </data>
        <data type="string"> r_rmnet_data1 </data>
        <data type="string"> r_rmnet_data2 </data>
        <data type="string"> r_rmnet_data3 </data>
        <data type="string"> r_rmnet_data4 </data>
        <data type="string"> r_rmnet_data5 </data>
        <data type="string"> r_rmnet_data6 </data>
        <data type="string"> r_rmnet_data7 </data>
        <data type="string"> r_rmnet_data8 </data>
      </list>
   </listitem>

   <!-- SDM845 parameters -->
   <listitem name = "SDM845">

      <data name="qmi_dpm_enabled" type="int"> 1 </data>
      <data name="use_qmuxd" type="int"> 0 </data>
      <data name="dpm_retry_timeout" type="int"> 10000 </data>
      <data name="wda_data_format_enabled" type="int"> 1 </data>

      <data name="single_qmux_ch_enabled" type="int"> 1 </data>
      <data name="single_qmux_ch_conn_id_str" type="string"> rmnet0 
</data>
      <data name="single_qmux_ch_name" type="string"> DATA5_CNTL </data>
      <data name="tc_ul_baserate" type="int"> 155000000 </data>
      <data name="dynamic_tc_ul_baserate" type="int"> 1 </data>
      <data name="tc_ul_burst" type="int"> 25000 </data>
      <data name="rmnet_data_enabled" type="int"> 1 </data>
      <data name="dataformat_agg_dl_pkt" type="int"> 10 </data>
      <data name="dataformat_agg_dl_size" type="int"> 8192 </data>
      <data name="dataformat_agg_ul_pkt" type="int"> 0 </data>
      <data name="dataformat_agg_ul_size" type="int"> 0 </data>
      <data name="dataformat_dl_data_aggregation_protocol" type="int"> 8 
</data>
      <data name="dataformat_ul_data_aggregation_protocol" type="int"> 8 
</data>
      <data name="dataformat_dl_gro_enabled" type="int"> 1 </data>
      <data name="dataformat_ul_gso_enabled" type="int"> 1 </data>
      <data name="phys_net_dev" type="string"> rmnet_ipa0 </data>

      <data name="netdev_max_backlog" type="int"> 100000 </data>
      <data name="disable_tcp_hystart_detect" type="int"> 1 </data>
      <data name="disable_hystart" type="int"> 1 </data>
      <data name="initial_ssthresh" type="int"> 1400 </data>

      <data name="pnd_rps_mask" type="int"> 2 </data>
      <data name="vnd_rps_mask" type="int"> 15 </data>
      <data name="netdev_budget" type="int"> 0 </data>
      <data name="low_latency_filters" type="int"> 0 </data>
      <data name="qos_via_idl" type="int"> 1 </data>

      <data name="num_modems" type="int"> 2 </data>
      <list name="modems_enabled">
         <data type="int"> 1 </data> <!-- MODEM_MSM -->
         <data type="int"> 0 </data> <!-- MODEM_MDM -->
      </list>

      <data name="control_ports_len" type="int"> 8 </data>
      <list name="control_ports">
         <data type="string"> rmnet_data0 </data>
         <data type="string"> rmnet_data1 </data>
         <data type="string"> rmnet_data2 </data>
         <data type="string"> rmnet_data3 </data>
         <data type="string"> rmnet_data4 </data>
         <data type="string"> rmnet_data5 </data>
         <data type="string"> rmnet_data6 </data>
         <data type="string"> rmnet_data7 </data>
      </list>

      <data name="data_ports_len" type="int"> 8 </data>
      <list name="data_ports">
         <data type="string"> rmnet_data0 </data>
         <data type="string"> rmnet_data1 </data>
         <data type="string"> rmnet_data2 </data>
         <data type="string"> rmnet_data3 </data>
         <data type="string"> rmnet_data4 </data>
         <data type="string"> rmnet_data5 </data>
         <data type="string"> rmnet_data6 </data>
         <data type="string"> rmnet_data7 </data>
      </list>

      <!-- iWLAN ports -->
      <data name="iwlan_enable" type="int"> 1 </data>
      <data name="rev_control_ports_len" type="int"> 9 </data>
      <list name="rev_control_ports">
         <data type="string"> r_rmnet_data0 </data>
         <data type="string"> r_rmnet_data1 </data>
         <data type="string"> r_rmnet_data2 </data>
         <data type="string"> r_rmnet_data3 </data>
         <data type="string"> r_rmnet_data4 </data>
         <data type="string"> r_rmnet_data5 </data>
         <data type="string"> r_rmnet_data6 </data>
         <data type="string"> r_rmnet_data7 </data>
         <data type="string"> r_rmnet_data8 </data>
      </list>

      <data name="rev_data_ports_len" type="int"> 9 </data>
      <list name="rev_data_ports">
        <data type="string"> r_rmnet_data0 </data>
        <data type="string"> r_rmnet_data1 </data>
        <data type="string"> r_rmnet_data2 </data>
        <data type="string"> r_rmnet_data3 </data>
        <data type="string"> r_rmnet_data4 </data>
        <data type="string"> r_rmnet_data5 </data>
        <data type="string"> r_rmnet_data6 </data>
        <data type="string"> r_rmnet_data7 </data>
        <data type="string"> r_rmnet_data8 </data>
      </list>
   </listitem>

  <!-- Fusion 8998 + SDX50 standalone parameters -->
  <listitem name = "fusion_8998_sdx50_sa">

    <data name="use_qmuxd" type="int"> 0 </data>
    <data name="qmi_dpm_enabled" type="int"> 0 </data>
    <data name="dpm_retry_timeout" type="int"> 10000 </data>
    <data name="wda_data_format_enabled" type="int"> 1 </data>
    <data name="ep_type" type="int"> 3 </data>

    <data name="single_qmux_ch_enabled" type="int"> 1 </data>
    <data name="single_qmux_ch_conn_id_str" type="string"> rmnet_mhi0 
</data>
    <data name="single_qmux_ch_name" type="string"> MHICTL0 </data>

    <data name="rmnet_data_enabled" type="int"> 1 </data>
    <data name="dataformat_agg_dl_pkt" type="int"> 32 </data>
    <data name="dataformat_agg_dl_size" type="int"> 16384 </data>
    <data name="dataformat_agg_ul_pkt" type="int"> 0 </data>
    <data name="dataformat_agg_ul_size" type="int"> 0 </data>
    <data name="dataformat_dl_data_aggregation_protocol" type="int"> 5 
</data>
    <data name="dataformat_ul_data_aggregation_protocol" type="int"> 5 
</data>
    <data name="dataformat_dl_gro_enabled" type="int"> 1 </data>
    <data name="dataformat_ul_gso_enabled" type="int"> 1 </data>
    <data name="phys_net_dev" type="string"> rmnet_mhi0 </data>
    <data name="tc_ul_baserate" type="int"> 0 </data>
    <data name="pnd_rps_mask" type="int"> 16 </data>
    <data name="vnd_rps_mask" type="int"> 224 </data>
    <data name="netdev_budget" type="int"> 0 </data>
    <data name="netdev_max_backlog" type="int"> 100000 </data>
    <data name="low_latency_filters" type="int"> 1 </data>
    <data name="ibfc" type="int"> 1 </data>
    <data name="qos_disabled" type="int"> 1 </data>

    <data name="num_modems" type="int"> 2 </data>
    <list name="modems_enabled">
      <data type="int"> 1 </data> <!-- MODEM_MSM -->
      <data type="int"> 0 </data> <!-- MODEM_MDM -->
    </list>

    <data name="control_ports_len" type="int"> 8 </data>
    <list name="control_ports">
      <data type="string"> rmnet_data0 </data>
      <data type="string"> rmnet_data1 </data>
      <data type="string"> rmnet_data2 </data>
      <data type="string"> rmnet_data3 </data>
      <data type="string"> rmnet_data4 </data>
      <data type="string"> rmnet_data5 </data>
      <data type="string"> rmnet_data6 </data>
      <data type="string"> rmnet_data7 </data>
    </list>

    <data name="data_ports_len" type="int"> 8 </data>
    <list name="data_ports">
      <data type="string"> rmnet_data0 </data>
      <data type="string"> rmnet_data1 </data>
      <data type="string"> rmnet_data2 </data>
      <data type="string"> rmnet_data3 </data>
      <data type="string"> rmnet_data4 </data>
      <data type="string"> rmnet_data5 </data>
      <data type="string"> rmnet_data6 </data>
      <data type="string"> rmnet_data7 </data>
    </list>

    <data name="iwlan_enable" type="int"> 0 </data>
    <data name="rev_control_ports_len" type="int"> 9 </data>
    <list name="rev_control_ports">
      <data type="string"> r_rmnet_data0 </data>
      <data type="string"> r_rmnet_data1 </data>
      <data type="string"> r_rmnet_data2 </data>
      <data type="string"> r_rmnet_data3 </data>
      <data type="string"> r_rmnet_data4 </data>
      <data type="string"> r_rmnet_data5 </data>
      <data type="string"> r_rmnet_data6 </data>
      <data type="string"> r_rmnet_data7 </data>
      <data type="string"> r_rmnet_data8 </data>
    </list>

    <data name="rev_data_ports_len" type="int"> 9 </data>
    <list name="rev_data_ports">
      <data type="string"> r_rmnet_data0 </data>
      <data type="string"> r_rmnet_data1 </data>
      <data type="string"> r_rmnet_data2 </data>
      <data type="string"> r_rmnet_data3 </data>
      <data type="string"> r_rmnet_data4 </data>
      <data type="string"> r_rmnet_data5 </data>
      <data type="string"> r_rmnet_data6 </data>
      <data type="string"> r_rmnet_data7 </data>
      <data type="string"> r_rmnet_data8 </data>
    </list>
  </listitem>
</list>
