<?xml version="1.0" encoding="utf-8"?>
<!--  Copyright (C) 2015/2016 Motorola Mobility, Lenovo Company -->
<validation match="ro.boot.device">
	<!-- device describes a version of mapping logic applicable to a matching device -->
	<!-- the device string to do case-insensitive substring match against "name" is
		to be queried from property indicated by "match", or its BL equivalent -->
	<!-- incremented version tells boot script to update the validation tags from this file -->
	<device name="athene" version="3.0">

		<!-- Features list variable hardware components for this device -->
		<features>
			<string-array name=".features">
				<!-- RF banding -->
				<item>radio</item>
				<!-- RAM size -->
				<item>ram</item>
				<!-- Storage size -->
				<item>storage</item>
				<!-- Dual SIM function -->
				<item>dualsim</item>
				<!-- Camera imager resolution -->
				<item>imager</item>
				<!-- Fingerprint sensor -->
				<item>fps</item>
				<!-- Digital TV function -->
				<item>dtv</item>
				<!-- Near Field Communication function -->
				<item>nfc</item>
				<!-- Front color -->
				<item>frontcolor</item>
			</string-array>
		</features>

		<!-- Attributes describe constraints on features -->
		<attributes>
			<string-array name=".attributes">
				<!-- range is a comma-separated list of allowed string values -->
				<item>.range</item>
				<!-- cmdline items must be exported to kernel cmdline, with prefix given in the value -->
				<item>.cmdline</item>
				<!-- chosen items must be exported to kernel devtree, with prefix given in the value -->
				<item>.chosen</item>
				<!-- system items must be exported as system property, with prefix given in the value -->
				<item>.system</item>
				<!-- same format as before, plus new attribute ".auto" -->
				<!-- auto indicates BL should auto-fill respective tag if it is empty -->
				<!-- this can work either using "hwid", "hwprobe" or "uspace" method -->
				<item>.auto</item>
			</string-array>
		</attributes>

		<!-- Constraints describe interpretation of attributes, and may contain data to feed to BL -->
		<constraints>
			<!-- look up value by matching "hwid" table, combination with current device,
				then getting field referred by "index",
				and then translating its value as prescribed by "map" -->
			<string name="radio/.auto">key=hwid;index=2;map=1:US,2:China,3:EMEA,4:India,5:LATAM,6:Brazil,7:VZW,8:Brazil,9:LATAM</string>
			<string name="radio/.cmdline">androidboot.</string>
			<string-array name="radio/.range">
				<item>US</item>
				<item>China</item>
				<item>EMEA</item>
				<item>India</item>
				<item>LATAM</item>
				<item>Brazil</item>
				<item>VZW</item>
			</string-array>

			<!-- use result of ram HW detection to fill the field -->
			<string name="ram/.auto">key=hwprobe;index=__ram</string>
			<string name="ram/.system">ro.hw.</string>
			<string-array name="ram/.range">
				<item>2GB</item>
				<item>3GB</item>
				<item>4GB</item>
			</string-array>

			<!-- use result of storage HW detection to fill the field -->
			<string name="storage/.auto">key=hwprobe;index=__storage</string>
			<string name="storage/.system">ro.hw.</string>
			<string-array name="storage/.range">
				<item>16GB</item>
				<item>32GB</item>
				<item>64GB</item>
			</string-array>

			<!-- look up value by matching "hwid" table, combination with current device,
				then splitting value containing "separator" into separate fields,
				then getting field referred by "index",
				and then translating its value as prescribed by "map" -->
			<string name="imager/.auto">key=hwid;index=5;separator=_;map=13mp:13MP,16mp:16MP,power:13MP</string>
			<string name="imager/.chosen">mmi,</string>
			<string name="imager/.system">ro.hw.</string>
			<string-array name="imager/.range">
				<item>13MP</item>
				<item>16MP</item>
			</string-array>

			<!-- look up value by matching "hwid" table, combination with current device,
				then splitting value containing "separator" into separate fields,
				then getting field referred by "index",
				and then translating its value as prescribed by "map" -->
			<string name="fps/.auto">key=hwid;index=5;separator=_;map=13mp:false,16mp:true,power:false</string>
			<string name="fps/.chosen">mmi,</string>
			<string name="fps/.system">ro.hw.</string>
			<string-array name="fps/.range">
				<item>true</item>
				<item>false</item>
			</string-array>

			<string name="dualsim/.cmdline">androidboot.</string>
			<string name="dualsim/.system">ro.hw.</string>
			<string-array name="dualsim/.range">
				<item>true</item>
				<item>false</item>
			</string-array>

			<!-- look up value by matching "hwid" table, combination with current device,
				then getting field referred by "index",
				and then translating its value as prescribed by "map" -->
			<string name="dtv/.auto">key=hwid;index=2;map=1:false,2:false,3:false,4:false,5:false,6:false,7:false,8:true,9:true</string>
			<string name="dtv/.chosen">mmi,</string>
			<string name="dtv/.system">ro.hw.</string>
			<string-array name="dtv/.range">
				<item>true</item>
				<item>false</item>
			</string-array>

			<string name="nfc/.auto">key=hwid;index=4;separator=_;map=Athene:false,athene:false,Addison:true,addison:true</string>
			<string name="nfc/.chosen">mmi,</string>
			<string name="nfc/.system">ro.hw.</string>
			<string-array name="nfc/.range">
				<item>true</item>
				<item>false</item>
			</string-array>

			<!-- look up value of build_vars in config utag space -->
			<string name="frontcolor/.auto">uspace=config;name=build_vars;map=BLACK:black,WHITE:white,black:black,white:white</string>
			<string name="frontcolor/.system">ro.hw.</string>
			<string-array name="frontcolor/.range">
				<item>white</item>
				<item>black</item>
				<item>other</item>
			</string-array>
		</constraints>

		<mappings>
			<!-- Variants describe mapping of feature combinations to device fingerprints,
				to be set in property indicated by "export" -->
			<variants export="ro.hw.variant" append="ro.product.device,ro.product.name">
				<variant name="_f">
					<string name="fps">true</string>
					<string name="nfc">false</string>
					<string name="dtv">false</string>
				</variant>

				<variant name="_n">
					<string name="fps">false</string>
					<string name="nfc">true</string>
					<string name="dtv">false</string>
				</variant>

				<variant name="_t">
					<string name="fps">false</string>
					<string name="nfc">false</string>
					<string name="dtv">true</string>
				</variant>

				<variant name="_fn">
					<string name="fps">true</string>
					<string name="nfc">true</string>
					<string name="dtv">false</string>
				</variant>

				<variant name="_ft">
					<string name="fps">true</string>
					<string name="nfc">false</string>
					<string name="dtv">true</string>
				</variant>

				<variant name="_nt">
					<string name="fps">false</string>
					<string name="nfc">true</string>
					<string name="dtv">true</string>
				</variant>

				<variant name="_fnt">
					<string name="fps">true</string>
					<string name="nfc">true</string>
					<string name="dtv">true</string>
				</variant>
			</variants>

			<!-- Products describe mapping of feature combinations to marketing names, 
				to be set in property indicated by "export" -->
			<products export="ro.product.display">
				<product name="Moto G&#x2074;">
					<string name="imager">13MP</string>
				</product>
				<product name="Moto G&#x2074; Plus">
					<string name="imager">16MP</string>
				</product>
			</products>

			<!-- SKUs describe mapping of feature combinations to factory SKUs,
				disregard this section for now, its implementation is not urgent -->
			<skus export="ro.product.sku">
				<!-- ... same format as variants/products ... -->
			</skus>
		</mappings>
	</device>
</validation>
