<?xml version="1.0" encoding="ISO-8859-1"?>
<audio_platform_info>

<acdb_ids>
<!-- Output devices -->
	<device name="SND_DEVICE_OUT_VOICE_HANDSET" acdb_id="7" />
	<device name="SND_DEVICE_OUT_VOICE_HANDSET_TMUS" acdb_id="7" />
	<device name="SND_DEVICE_OUT_HEADPHONES" acdb_id="9" />
	<device name="SND_DEVICE_OUT_SPEAKER_AND_HEADPHONES" acdb_id="9" />
	<device name="SND_DEVICE_OUT_SPEAKER_SAFE_AND_HEADPHONES" acdb_id="9" />
	<device name="SND_DEVICE_OUT_SPEAKER" acdb_id="14" />
	<device name="SND_DEVICE_OUT_SPEAKER_PROTECTED" acdb_id="14" />
	<device name="SND_DEVICE_OUT_SPEAKER_REVERSE" acdb_id="14" />
	<device name="SND_DEVICE_OUT_SPEAKER_SAFE" acdb_id="14" />
	<device name="SND_DEVICE_OUT_VOICE_SPEAKER_PROTECTED" acdb_id="15" />
	<device name="SND_DEVICE_OUT_SPEAKER_AND_HDMI" acdb_id="18" />
	<device name="SND_DEVICE_OUT_VOICE_LINE" acdb_id="78" />
	<device name="SND_DEVICE_OUT_VOLTE_NB_ANC_HANDSET" acdb_id="200" />
	<device name="SND_DEVICE_OUT_VOLTE_NB_HANDSET_TMUS" acdb_id="200" />
	<device name="SND_DEVICE_OUT_VOLTE_NB_TX" acdb_id="245" />

<!-- Input devices -->
	<device name="SND_DEVICE_IN_CAPTURE_VI_FEEDBACK" acdb_id="0" />
	<device name="SND_DEVICE_IN_HANDSET_MIC_AEC" acdb_id="4" />
	<device name="SND_DEVICE_IN_HANDSET_MIC_AEC_NS" acdb_id="4" />
	<device name="SND_DEVICE_IN_HANDSET_MIC_NS" acdb_id="4" />
	<device name="SND_DEVICE_IN_VOICE_TTY_VCO_HANDSET_MIC" acdb_id="4" />
	<device name="SND_DEVICE_IN_UNPROCESSED_MIC" acdb_id="11" />
	<device name="SND_DEVICE_IN_VOICE_REC_DMIC_FLUENCE" acdb_id="35" />
	<device name="SND_DEVICE_IN_VOICE_DMIC_TMUS" acdb_id="41" />
	<device name="SND_DEVICE_IN_SPEAKER_DMIC_AEC" acdb_id="43" />
	<device name="SND_DEVICE_IN_SPEAKER_DMIC_AEC_NS" acdb_id="43" />
	<device name="SND_DEVICE_IN_SPEAKER_DMIC_NS" acdb_id="43" />
	<device name="SND_DEVICE_IN_UNPROCESSED_STEREO_MIC" acdb_id="43" />
	<device name="SND_DEVICE_IN_HEADSET_MIC_AEC" acdb_id="47" />
	<device name="SND_DEVICE_IN_VOICE_REC_MIC_AEC" acdb_id="62" />
	<device name="SND_DEVICE_IN_VOICE_REC_MIC_NS" acdb_id="62" />
	<device name="SND_DEVICE_IN_HANDSET_DMIC_AEC" acdb_id="111" />
	<device name="SND_DEVICE_IN_HANDSET_DMIC_NS" acdb_id="111" />
	<device name="SND_DEVICE_IN_SPEAKER_MIC_AEC" acdb_id="114" />
	<device name="SND_DEVICE_IN_SPEAKER_MIC_NS" acdb_id="114" />
</acdb_ids>

<pcm_ids>
	<usecase name="USECASE_AUDIO_PLAYBACK_LOW_LATENCY" type="out" id="12" />
	<usecase name="USECASE_AUDIO_RECORD_LOW_LATENCY" type="in" id="12" />
	<usecase name="USECASE_VOICEMMODE1_CALL" type="in" id="34" />
	<usecase name="USECASE_VOICEMMODE1_CALL" type="out" id="34" />
	<usecase name="USECASE_VOICEMMODE2_CALL" type="in" id="35" />
	<usecase name="USECASE_VOICEMMODE2_CALL" type="out" id="35" />
	<usecase name="USECASE_AUDIO_DSM_FEEDBACK" type="in" id="54" />
</pcm_ids>

<backend_names>
	<device name="SND_DEVICE_OUT_HANDSET" backend="cirrus" />
	<device name="SND_DEVICE_OUT_VOICE_HANDSET" backend="cirrus" />
	<device name="SND_DEVICE_OUT_VOLTE_NB_HANDSET" backend="cirrus" />
	<device name="SND_DEVICE_OUT_VOICE_HAC_HANDSET" backend="cirrus" />
	<device name="SND_DEVICE_OUT_VOLTE_NB_HAC_HANDSET" backend="cirrus" />
	<device name="SND_DEVICE_OUT_VOICE_HANDSET_TMUS" backend="cirrus" />
	<device name="SND_DEVICE_OUT_VOLTE_NB_HANDSET_TMUS" backend="cirrus" />
	<device name="SND_DEVICE_OUT_VOICE_TTY_HCO_HANDSET" backend="cirrus" />
	<device name="SND_DEVICE_OUT_VOICE_ANC_HANDSET" backend="cirrus" />
	<device name="SND_DEVICE_OUT_VOLTE_NB_ANC_HANDSET" backend="cirrus" />
	<device name="SND_DEVICE_OUT_SPEAKER" backend="speaker" />
	<device name="SND_DEVICE_OUT_VOICE_SPEAKER" backend="speaker" />
	<device name="SND_DEVICE_OUT_VOLTE_NB_SPEAKER" backend="speaker" />
	<device name="SND_DEVICE_OUT_SPEAKER_SAFE" backend="cirrus" />
	<device name="SND_DEVICE_OUT_SPEAKER_REVERSE" backend="cirrus" />
	<device name="SND_DEVICE_OUT_SPEAKER_AND_HEADPHONES" backend="cirrus-and-headphones" />
	<device name="SND_DEVICE_OUT_SPEAKER_AND_LINE" backend="cirrus-and-headphones" />
	<device name="SND_DEVICE_OUT_SPEAKER_SAFE_AND_HEADPHONES" backend="cirrus-and-headphones" />
	<device name="SND_DEVICE_OUT_SPEAKER_SAFE_AND_LINE" backend="cirrus-and-headphones" />
	<device name="SND_DEVICE_OUT_SPEAKER_AND_BT_SCO" backend="cirrus-and-bt-sco"/>
	<device name="SND_DEVICE_OUT_SPEAKER_AND_BT_SCO_WB" backend="cirrus-and-bt-sco-wb"/>
</backend_names>

<config_params>
	<param key="input_mic_max_count" value="2" />
</config_params>

</audio_platform_info>

