<?xml version="1.0" encoding="ISO-8859-1"?>
<mixer>
	<!-- These are the initial mixer settings -->
	<ctl name="Voice Rx Device Mute" id="0" value="0" />
	<ctl name="Voice Rx Device Mute" id="1" value="-1" />
	<ctl name="Voice Rx Device Mute" id="2" value="20" />
	<ctl name="Voice Tx Mute" id="0" value="0" />
	<ctl name="Voice Tx Mute" id="1" value="-1" />
	<ctl name="Voice Tx Mute" id="2" value="500" />
	<ctl name="Voice Rx Gain" id="0" value="0" />
	<ctl name="Voice Rx Gain" id="1" value="-1" />
	<ctl name="Voice Rx Gain" id="2" value="20" />
	<ctl name="Voip Tx Mute" id="0" value="0" />
	<ctl name="Voip Tx Mute" id="1" value="500" />
	<ctl name="Voip Rx Gain" id="0" value="0" />
	<ctl name="Voip Rx Gain" id="1" value="20" />
	<ctl name="Voip Mode Config" value="12" />
	<ctl name="Voip Rate Config" value="0" />
	<ctl name="Voip Evrc Min Max Rate Config" id="0" value="1" />
	<ctl name="Voip Evrc Min Max Rate Config" id="1" value="4" />
	<ctl name="Voip Dtx Mode" value="0" />
	<ctl name="TTY Mode" value="OFF" />
	<ctl name="RX1 Digital Volume" value="84" />
	<ctl name="RX2 Digital Volume" value="84" />
	<ctl name="RX3 Digital Volume" value="84" />
	<ctl name="ADC1 Volume" value="0" />
	<ctl name="ADC2 Volume" value="0" />
	<ctl name="ADC3 Volume" value="0" />
	<ctl name="DEC1 Volume" value="84" />
	<ctl name="DEC2 Volume" value="84" />
	<ctl name="DEC2 MUX" value="ZERO" />
	<ctl name="DEC1 MUX" value="ZERO" />
	<ctl name="ADC2 MUX" value="ZERO" />
	<ctl name="RDAC2 MUX" value="ZERO" />
	<ctl name="RX2 MIX2 INP1" value="ZERO" />
	<ctl name="RX1 MIX2 INP1" value="ZERO" />
	<ctl name="RX3 MIX1 INP2" value="ZERO" />
	<ctl name="RX3 MIX1 INP1" value="ZERO" />
	<ctl name="RX2 MIX1 INP2" value="ZERO" />
	<ctl name="RX2 MIX1 INP1" value="ZERO" />
	<ctl name="RX1 MIX1 INP2" value="ZERO" />
	<ctl name="RX1 MIX1 INP1" value="ZERO" />
	<ctl name="HPHL" value="ZERO" />
	<ctl name="HPHR" value="ZERO" />
	<ctl name="MI2S_RX Channels" value="One" />
	<ctl name="MI2S_TX Channels" value="One" />
	<ctl name="AMP Gain" value="3dB" />
	<ctl name="OSPL Ext RxConfig" value="NONE" />
	<ctl name="OSPL Ext TxConfig" value="NONE" />
	<ctl name="OSPL Int RxConfig" value="NONE" />
	<ctl name="OSPL Int TxConfig" value="NONE" />
	<ctl name="OSPL Rx" value="Enable" />
	<ctl name="OSPL Tx" value="Enable" />
	<ctl name="TX1 HPF Switch" value="1" />
	<ctl name="TX2 HPF Switch" value="1" />
	<ctl name="TX1 HPF cut off" value="MIN_3DB_4Hz" />
	<ctl name="TX2 HPF cut off" value="MIN_3DB_4Hz" />

	<ctl name="PRI_MI2S_RX Audio Mixer MultiMedia1" value="0" />
	<ctl name="INTERNAL_BT_SCO_RX Audio Mixer MultiMedia1" value="0" />
	<ctl name="PRI_MI2S_RX Audio Mixer MultiMedia4" value="0" />
	<ctl name="INTERNAL_BT_SCO_RX Audio Mixer MultiMedia4" value="0" />
	<ctl name="AFE_PCM_RX Audio Mixer MultiMedia4" value="0" />
	<ctl name="INTERNAL_FM_RX Audio Mixer MultiMedia4" value="0" />
	<ctl name="PRI_MI2S_RX Audio Mixer MultiMedia5" value="0" />
	<ctl name="INTERNAL_BT_SCO_RX Audio Mixer MultiMedia5" value="0" />
	<ctl name="MultiMedia1 Mixer TERT_MI2S_TX" value="0" />
	<ctl name="MultiMedia5 Mixer TERT_MI2S_TX" value="0" />
	<ctl name="MultiMedia1 Mixer INTERNAL_BT_SCO_TX" value="0" />
	<ctl name="PRI_MI2S_RX_Voice Mixer CSVoice" value="0" />
	<ctl name="Voice_Tx Mixer TERT_MI2S_TX_Voice" value="0" />
	<ctl name="PRI_MI2S_RX Port Mixer INTERNAL_BT_SCO_TX" value="0" />
	<ctl name="AFE_PCM_RX Audio Mixer MultiMedia1" value="0" />
	<ctl name="AFE_PCM_RX Audio Mixer MultiMedia5" value="0" />
	<ctl name="AFE_PCM_RX_Voice Mixer CSVoice" value="0" />
	<ctl name="HDMI_RX_Voice Mixer VoLTE" value="0" />
	<ctl name="HFP_INT_UL_HL Switch" value="0" />
	<ctl name="MultiMedia1 Mixer AFE_PCM_TX" value="0" />
	<ctl name="MultiMedia5 Mixer INTERNAL_BT_SCO_TX" value="0" />
	<ctl name="MultiMedia5 Mixer INTERNAL_FM_TX" value="0" />
	<ctl name="MultiMedia8 Mixer AFE_PCM_TX" value="0" />
	<ctl name="MultiMedia8 Mixer INTERNAL_BT_SCO_TX" value="0" />
	<ctl name="MultiMedia8 Mixer PRI_MI2S_TX" value="0" />
	<ctl name="MultiMedia8 Mixer VOC_REC_DL" value="0" />
	<ctl name="MultiMedia8 Mixer VOC_REC_UL" value="0" />
	<ctl name="PRI_MI2S_RX_Voice Mixer VoLTE" value="0" />
	<ctl name="Voice_Tx Mixer AFE_PCM_TX_Voice" value="0" />
	<ctl name="TERT MI2S LOOPBACK Volume" value="0" />

	<ctl name="QUIN_MI2S_RX Audio Mixer MultiMedia1" value="0" />
	<ctl name="QUIN_MI2S_RX Audio Mixer MultiMedia4" value="0" />
	<ctl name="QUIN_MI2S_RX Audio Mixer MultiMedia5" value="0" />
	<ctl name="QUIN_MI2S_RX Port Mixer TERT_MI2S_TX" value="0" />
	<ctl name="QUIN_MI2S_RX_Voice Mixer CSVoice" value="0" />
	<ctl name="QUIN_MI2S_RX_Voice Mixer VoiceMMode1" value="0" />
	<ctl name="QUIN_MI2S_RX_Voice Mixer VoiceMMode2" value="0" />

	<!-- Voice BTSCO -->
	<ctl name="Internal BTSCO SampleRate" value="BTSCO_RATE_8KHZ" />
	<ctl name="INTERNAL_BT_SCO_RX_Voice Mixer CSVoice" value="0" />
	<ctl name="Voice_Tx Mixer INTERNAL_BT_SCO_TX_Voice" value="0" />
	<ctl name="INTERNAL_BT_SCO_RX Audio Mixer MultiMedia6" value="0" />
	<ctl name="MultiMedia6 Mixer TERT_MI2S_TX" value="0" />

	<!-- Voice2 -->
	<ctl name="PRI_MI2S_RX_Voice Mixer Voice2" value="0" />
	<ctl name="QUIN_MI2S_RX_Voice Mixer Voice2" value="0" />
	<ctl name="Voice2_Tx Mixer TERT_MI2S_TX_Voice2" value="0" />
	<ctl name="INTERNAL_BT_SCO_RX_Voice Mixer Voice2" value="0" />
	<ctl name="Voice2_Tx Mixer INTERNAL_BT_SCO_TX_Voice2" value="0" />
	<ctl name="AFE_PCM_RX_Voice Mixer Voice2" value="0" />
	<ctl name="Voice2_Tx Mixer AFE_PCM_TX_Voice2" value="0" />
	<!-- Voice2 end -->

	<!-- VoLTE -->
	<ctl name="AFE_PCM_RX_Voice Mixer VoLTE" value="0" />
	<ctl name="INTERNAL_BT_SCO_RX_Voice Mixer VoLTE" value="0" />
	<ctl name="QUIN_MI2S_RX_Voice Mixer VoLTE" value="0" />
	<ctl name="VoLTE_Tx Mixer AFE_PCM_TX_VoLTE" value="0" />
	<ctl name="VoLTE_Tx Mixer INTERNAL_BT_SCO_TX_VoLTE" value="0" />
	<ctl name="VoLTE_Tx Mixer SLIM_0_TX_VoLTE" value="0" />
	<ctl name="VoLTE_Tx Mixer TERT_MI2S_TX_VoLTE" value="0" />
	<!-- VoLTE end -->

	<!-- VoWLAN -->
	<ctl name="PRI_MI2S_RX_Voice Mixer VoWLAN" value="0" />
	<ctl name="QUIN_MI2S_RX_Voice Mixer VoWLAN" value="0" />
	<ctl name="VoWLAN_Tx Mixer TERT_MI2S_TX_VoWLAN" value="0" />
	<ctl name="HDMI_RX_Voice Mixer VoWLAN" value="0" />
	<ctl name="INTERNAL_BT_SCO_RX_Voice Mixer VoWLAN" value="0" />
	<ctl name="VoWLAN_Tx Mixer INTERNAL_BT_SCO_TX_VoWLAN" value="0" />
	<ctl name="AFE_PCM_RX_Voice Mixer VoWLAN" value="0" />
	<ctl name="VoWLAN_Tx Mixer AFE_PCM_TX_VoWLAN" value="0" />
	<!-- VoWLAN -->

	<!-- Multimode Voice1 -->
	<ctl name="PRI_MI2S_RX_Voice Mixer VoiceMMode1" value="0" />
	<ctl name="VoiceMMode1_Tx Mixer TERT_MI2S_TX_MMode1" value="0" />
	<ctl name="INTERNAL_BT_SCO_RX_Voice Mixer VoiceMMode1" value="0" />
	<ctl name="VoiceMMode1_Tx Mixer INT_BT_SCO_TX_MMode1" value="0" />
	<ctl name="AFE_PCM_RX_Voice Mixer VoiceMMode1" value="0" />
	<ctl name="VoiceMMode1_Tx Mixer AFE_PCM_TX_MMode1" value="0" />
	<!-- Multimode Voice1 end -->

	<!-- Multimode Voice2 -->
	<ctl name="PRI_MI2S_RX_Voice Mixer VoiceMMode2" value="0" />
	<ctl name="VoiceMMode2_Tx Mixer TERT_MI2S_TX_MMode2" value="0" />
	<ctl name="INTERNAL_BT_SCO_RX_Voice Mixer VoiceMMode2" value="0" />
	<ctl name="VoiceMMode2_Tx Mixer INT_BT_SCO_TX_MMode2" value="0" />
	<ctl name="AFE_PCM_RX_Voice Mixer VoiceMMode2" value="0" />
	<ctl name="VoiceMMode2_Tx Mixer AFE_PCM_TX_MMode2" value="0" />
	<!-- Multimode Voice2 end -->

	<!-- Voip -->
	<ctl name="AFE_PCM_RX_Voice Mixer Voip" value="0" />
	<ctl name="PRI_MI2S_RX_Voice Mixer Voip" value="0" />
	<ctl name="Voip_Tx Mixer AFE_PCM_TX_Voip" value="0" />
	<ctl name="Voip_Tx Mixer TERT_MI2S_TX_Voip" value="0" />
	<ctl name="INTERNAL_BT_SCO_RX_Voice Mixer Voip" value="0" />
	<ctl name="Voip_Tx Mixer INTERNAL_BT_SCO_TX_Voip" value="0" />
	<!-- Voip end -->

	<!-- fm -->
	<ctl name="Internal FM RX Volume" value="0" />
	<ctl name="PRI_MI2S_RX Port Mixer INTERNAL_FM_TX" value="0" />
	<ctl name="PRI_MI2S_RX_DL_HL Switch" value="0" />
	<ctl name="MultiMedia1 Mixer INTERNAL_FM_TX" value="0" />
	<ctl name="MultiMedia2 Mixer INTERNAL_FM_TX" value="0" />
	<ctl name="INTERNAL_FM_RX Audio Mixer MultiMedia1" value="0" />
	<ctl name="INTERNAL_FM_RX Audio Mixer MultiMedia5" value="0" />
	<!-- fm end -->

	<!-- Incall Recording -->
	<ctl name="MultiMedia1 Mixer VOC_REC_UL" value="0" />
	<ctl name="MultiMedia1 Mixer VOC_REC_DL" value="0" />
	<!-- Incall Recording end -->

	<!-- Incall Music -->
	<ctl name="Incall_Music Audio Mixer MultiMedia2" value="0" />
	<ctl name="Incall_Music_2 Audio Mixer MultiMedia9" value="0" />
	<!-- Incall Music End -->

	<!-- QCHAT -->
	<ctl name="PRI_MI2S_RX_Voice Mixer QCHAT" value="0" />
	<ctl name="QCHAT_Tx Mixer TERT_MI2S_TX_QCHAT" value="0" />
	<ctl name="INTERNAL_BT_SCO_RX_Voice Mixer QCHAT" value="0" />
	<ctl name="QCHAT_Tx Mixer INTERNAL_BT_SCO_TX_QCHAT" value="0" />
	<!-- QCHAT End -->

	<!-- EC_REF -->
	<ctl name="AUDIO_REF_EC_UL1 MUX" value="None" />
	<ctl name="VOC_EXT_EC MUX" value="NONE" />

	<!-- These are audio route (FE to BE) specific mixer settings -->
	<path name="bt-sco-wb-samplerate">
		<ctl name="Internal BTSCO SampleRate" value="BTSCO_RATE_16KHZ" />
	</path>

	<path name="deep-buffer-playback">
		<ctl name="PRI_MI2S_RX Audio Mixer MultiMedia1" value="1" />
	</path>

	<path name="deep-buffer-playback cirrus">
		<ctl name="QUIN_MI2S_RX Audio Mixer MultiMedia1" value="1" />
	</path>

	<path name="deep-buffer-playback speaker">
		<path name="deep-buffer-playback cirrus" />
	</path>

	<path name="deep-buffer-playback bt-sco">
		<ctl name="INTERNAL_BT_SCO_RX Audio Mixer MultiMedia1" value="1" />
	</path>

	<path name="deep-buffer-playback bt-sco-wb">
		<ctl name="Internal BTSCO SampleRate" value="BTSCO_RATE_16KHZ" />
		<path name="deep-buffer-playback bt-sco" />
	</path>

	<path name="deep-buffer-playback afe-proxy">
		<ctl name="AFE_PCM_RX Audio Mixer MultiMedia1" value="1" />
	</path>

	<path name="deep-buffer-playback cirrus-and-headphones">
		<path name="deep-buffer-playback" />
		<path name="deep-buffer-playback cirrus" />
	</path>

	<path name="deep-buffer-playback cirrus-and-bt-sco">
		<path name="deep-buffer-playback cirrus" />
		<path name="deep-buffer-playback bt-sco" />
	</path>

	<path name="deep-buffer-playback cirrus-and-bt-sco-wb">
		<path name="deep-buffer-playback cirrus" />
		<path name="deep-buffer-playback bt-sco-wb" />
	</path>

	<path name="low-latency-playback">
		<ctl name="PRI_MI2S_RX Audio Mixer MultiMedia5" value="1" />
	</path>

	<path name="low-latency-playback cirrus">
		<ctl name="QUIN_MI2S_RX Audio Mixer MultiMedia5" value="1" />
	</path>

	<path name="low-latency-playback speaker">
		<path name="low-latency-playback cirrus" />
	</path>

	<path name="low-latency-playback cirrus-and-headphones">
		<path name="low-latency-playback" />
		<path name="low-latency-playback cirrus" />
	</path>

	<path name="low-latency-playback bt-sco">
		<ctl name="INTERNAL_BT_SCO_RX Audio Mixer MultiMedia5" value="1" />
	</path>

	<path name="low-latency-playback bt-sco-wb">
		<ctl name="Internal BTSCO SampleRate" value="BTSCO_RATE_16KHZ" />
		<path name="low-latency-playback bt-sco" />
	</path>

	<path name="low-latency-playback afe-proxy">
		<ctl name="AFE_PCM_RX Audio Mixer MultiMedia5" value="1" />
	</path>

	<path name="low-latency-playback cirrus-and-bt-sco">
		<path name="low-latency-playback cirrus" />
		<path name="low-latency-playback bt-sco" />
	</path>

	<path name="low-latency-playback cirrus-and-bt-sco-wb">
		<path name="low-latency-playback cirrus" />
		<path name="low-latency-playback bt-sco-wb" />
	</path>

	<path name="audio-tts-playback cirrus">
		<!-- audio-tts-playback usecase is only valid on speaker backend -->
		<ctl name="QUIN_MI2S_RX Audio Mixer MultiMedia2" value="1" />
	</path>

	<path name="compress-offload-playback">
		<ctl name="PRI_MI2S_RX Audio Mixer MultiMedia4" value="1" />
	</path>

	<path name="compress-offload-playback cirrus">
		<ctl name="QUIN_MI2S_RX Audio Mixer MultiMedia4" value="1" />
	</path>

	<path name="compress-offload-playback speaker">
		<path name="compress-offload-playback cirrus" />
	</path>

	<path name="compress-offload-playback cirrus-and-headphones">
		<path name="compress-offload-playback" />
		<path name="compress-offload-playback cirrus" />
	</path>

	<path name="compress-offload-playback bt-sco">
		<ctl name="INTERNAL_BT_SCO_RX Audio Mixer MultiMedia4" value="1" />
	</path>

	<path name="compress-offload-playback bt-sco-wb">
		<ctl name="Internal BTSCO SampleRate" value="BTSCO_RATE_16KHZ" />
		<path name="compress-offload-playback bt-sco" />
	</path>

	<path name="compress-offload-playback afe-proxy">
		<ctl name="AFE_PCM_RX Audio Mixer MultiMedia4" value="1" />
	</path>

	<path name="compress-offload-playback cirrus-and-bt-sco">
		<path name="compress-offload-playback cirrus" />
		<path name="compress-offload-playback bt-sco" />
	</path>

	<path name="compress-offload-playback cirrus-and-bt-sco-wb">
		<path name="compress-offload-playback cirrus" />
		<path name="compress-offload-playback bt-sco-wb" />
	</path>

	<path name="audio-record">
		<ctl name="MultiMedia1 Mixer TERT_MI2S_TX" value="1" />
	</path>

	<path name="audio-record bt-sco">
		<ctl name="MultiMedia1 Mixer INTERNAL_BT_SCO_TX" value="1" />
	</path>

	<path name="audio-record bt-sco-wb">
		<ctl name="Internal BTSCO SampleRate" value="BTSCO_RATE_16KHZ" />
		<path name="audio-record bt-sco" />
	</path>

	<path name="low-latency-record">
		<ctl name="MultiMedia5 Mixer TERT_MI2S_TX" value="1" />
	</path>

	<path name="low-latency-record bt-sco">
		<ctl name="MultiMedia5 Mixer INTERNAL_BT_SCO_TX" value="1" />
	</path>

	<path name="low-latency-record bt-sco-wb">
		<ctl name="Internal BTSCO SampleRate" value="BTSCO_RATE_16KHZ" />
		<path name="low-latency-record bt-sco" />
	</path>

	<path name="fm-virtual-record">
		<ctl name="MultiMedia2 Mixer INTERNAL_FM_TX" value="1" />
	</path>

	<path name="fm-virtual-record capture-fm">
		<path name="fm-virtual-record" />
	</path>

	<path name="voicemmode1-call">
		<ctl name="PRI_MI2S_RX_Voice Mixer VoiceMMode1" value="1" />
		<ctl name="VoiceMMode1_Tx Mixer TERT_MI2S_TX_MMode1" value="1" />
	</path>

	<path name="voicemmode1-call cirrus">
		<ctl name="QUIN_MI2S_RX_Voice Mixer VoiceMMode1" value="1" />
		<ctl name="VoiceMMode1_Tx Mixer TERT_MI2S_TX_MMode1" value="1" />
	</path>

	<path name="voicemmode1-call speaker">
		<path name="voicemmode1-call cirrus" />
	</path>


	<path name="voicemmode1-call bt-sco">
		<ctl name="INTERNAL_BT_SCO_RX_Voice Mixer VoiceMMode1" value="1" />
		<ctl name="VoiceMMode1_Tx Mixer INT_BT_SCO_TX_MMode1" value="1" />
	</path>

	<path name="voicemmode1-call bt-sco-wb">
		<ctl name="Internal BTSCO SampleRate" value="BTSCO_RATE_16KHZ" />
		<path name="voicemmode1-call bt-sco" />
	</path>

	<path name="voicemmode1-call afe-proxy">
		<ctl name="AFE_PCM_RX_Voice Mixer VoiceMMode1" value="1" />
		<ctl name="VoiceMMode1_Tx Mixer AFE_PCM_TX_MMode1" value="1" />
	</path>

	<path name="voicemmode1-call cirrus-and-headphones">
		<path name="voicemmode1-call" />
	</path>

	<path name="voicemmode1-call cirrus-and-bt-sco">
		<path name="voicemmode1-call bt-sco" />
	</path>

	<path name="voicemmode1-call cirrus-and-bt-sco-wb">
		<path name="voicemmode1-call bt-sco-wb" />
	</path>

	<path name="voicemmode2-call">
		<ctl name="PRI_MI2S_RX_Voice Mixer VoiceMMode2" value="1" />
		<ctl name="VoiceMMode2_Tx Mixer TERT_MI2S_TX_MMode2" value="1" />
	</path>

	<path name="voicemmode2-call cirrus">
		<ctl name="QUIN_MI2S_RX_Voice Mixer VoiceMMode2" value="1" />
		<ctl name="VoiceMMode2_Tx Mixer TERT_MI2S_TX_MMode2" value="1" />
	</path>

	<path name="voicemmode2-call speaker">
		<path name="voicemmode2-call cirrus" />
	</path>

	<path name="voicemmode2-call bt-sco">
		<ctl name="INTERNAL_BT_SCO_RX_Voice Mixer VoiceMMode2" value="1" />
		<ctl name="VoiceMMode2_Tx Mixer INT_BT_SCO_TX_MMode2" value="1" />
	</path>

	<path name="voicemmode2-call bt-sco-wb">
		<ctl name="Internal BTSCO SampleRate" value="BTSCO_RATE_16KHZ" />
		<path name="voicemmode2-call bt-sco" />
	</path>

	<path name="voicemmode2-call afe-proxy">
		<ctl name="AFE_PCM_RX_Voice Mixer VoiceMMode2" value="1" />
		<ctl name="VoiceMMode2_Tx Mixer AFE_PCM_TX_MMode2" value="1" />
	</path>

	<path name="voicemmode2-call cirrus-and-headphones">
		<path name="voicemmode2-call" />
	</path>

	<path name="voicemmode2-call cirrus-and-bt-sco">
		<path name="voicemmode2-call bt-sco" />
	</path>

	<path name="voicemmode2-call cirrus-and-bt-sco-wb">
		<path name="voicemmode2-call bt-sco-wb" />
	</path>

	<path name="afe-proxy-playback afe-proxy">
	</path>

	<path name="afe-proxy-record afe-proxy">
	</path>

	<!-- These are actual sound device specific mixer settings -->
	<path name="adc1">
		<ctl name="ADC1 Volume" value="6" />
		<ctl name="DEC1 MUX" value="ADC1" />
	</path>

	<path name="adc2">
		<ctl name="ADC2 Volume" value="6" />
		<ctl name="DEC1 MUX" value="ADC2" />
	</path>

	<path name="adc3">
		<ctl name="ADC3 Volume" value="6" />
		<ctl name="DEC1 MUX" value="ADC2" />
		<ctl name="ADC2 MUX" value="INP3" />
	</path>

	<path name="speaker">
		<ctl name="AMP Gain" value="15dB" />
	</path>

	<path name="speaker-safe">
		<path name="speaker" />
	</path>

	<path name="speaker-mic">
		<path name="adc1" />
		<ctl name="ADC1 Volume" value="8" />
	</path>

	<path name="handset">
		<ctl name="AMP Gain" value="3dB" />
		<ctl name="OSPL Rx" value="Disable" />
	</path>

	<path name="handset-mic">
		<path name="adc1" />
	</path>

	<path name="headphones">
		<ctl name="MI2S_RX Channels" value="Two" />
		<ctl name="RX1 MIX1 INP1" value="RX1" />
		<ctl name="RX2 MIX1 INP1" value="RX2" />
		<ctl name="RDAC2 MUX" value="RX2" />
		<ctl name="HPHL" value="Switch" />
		<ctl name="HPHR" value="Switch" />
	</path>

	<path name="line">
		<path name="headphones" />
	</path>

	<path name="headset-mic">
		<path name="adc2" />
		<ctl name="ADC2 MUX" value="INP2" />
		<ctl name="ADC2 Volume" value="8" />
		</path>

	<path name="mic1">
		<path name="adc1" />
	</path>

	<path name="mic2">
		<path name="adc3" />
	</path>

	<path name="unprocessed-mic">
		<path name="adc1" />
	</path>

	<path name="sidetone-handset">
		<ctl name="QUIN_MI2S_RX Port Mixer TERT_MI2S_TX" value="1" />
		<ctl name="TERT MI2S LOOPBACK Volume" value="128" />
	</path>

	<path name="voice-handset">
		<path name="handset" />
		<path name="sidetone-handset" />
	</path>

	<path name="voice-hac-handset">
		<path name="voice-handset" />
	</path>

	<path name="voice-handset-tmus">
		<path name="voice-handset" />
	</path>

	<path name="voice-speaker">
		<path name="speaker" />
	</path>

	<path name="voice-speaker-mic">
		<path name="speaker-mic" />
	</path>

	<path name="voice-headphones">
		<ctl name="RX1 MIX1 INP1" value="RX1" />
		<ctl name="RDAC2 MUX" value="RX1" />
		<ctl name="HPHL" value="Switch" />
		<ctl name="HPHR" value="Switch" />
	</path>

	<path name="voice-line">
		<path name="voice-headphones" />
	</path>

	<path name="voice-headset-mic">
		<path name="headset-mic" />
	</path>

	<path name="speaker-and-headphones">
		<path name="headphones" />
		<path name="speaker" />
	</path>

	<path name="speaker-safe-and-headphones">
		<path name="headphones" />
		<path name="speaker-safe" />
	</path>

	<path name="speaker-and-line">
		<path name="speaker-and-headphones" />
	</path>

	<path name="speaker-safe-and-line">
		<path name="speaker-safe-and-headphones" />
	</path>

	<path name="afe-proxy">
	</path>

	<path name="voice-rec-mic">
		<path name="handset-mic" />
	</path>

	<path name="camcorder-mic">
		<path name="handset-mic" />
	</path>

	<path name="bt-sco-headset">
	</path>

	<path name="bt-sco-mic">
	</path>

	<path name="bt-sco-headset-wb">
	</path>

	<path name="bt-sco-mic-wb">
	</path>

	<path name="capture-fm">
	</path>

	<!-- Dual MIC devices -->
	<path name="dmic-endfire">
		<ctl name="ADC1 Volume" value="6" />
		<ctl name="ADC3 Volume" value="6" />
		<ctl name="DEC1 MUX" value="ADC1" />
		<ctl name="DEC2 MUX" value="ADC2" />
		<ctl name="ADC2 MUX" value="INP3" />
		<ctl name="MI2S_TX Channels" value="Two" />
	</path>

	<path name="camcorder-mic-bf">
		<ctl name="DEC1 MUX" value="ADC2" />
		<ctl name="DEC2 MUX" value="ADC1" />
		<ctl name="TX1 HPF cut off" value="MIN_3DB_75Hz" />
		<ctl name="TX2 HPF cut off" value="MIN_3DB_75Hz" />
		<ctl name="MI2S_TX Channels" value="Two" />
		<ctl name="ADC2 MUX" value="INP3" />
		<ctl name="ADC1 Volume" value="4" />
		<ctl name="ADC3 Volume" value="4" />
	</path>

	<path name="speaker-dmic-endfire">
		<path name="dmic-endfire" />
	</path>

	<path name="voice-dmic-ef-tmus">
		<path name="dmic-endfire" />
	</path>

	<path name="voice-dmic-ef">
		<path name="dmic-endfire" />
	</path>

	<path name="voice-speaker-dmic-ef">
		<path name="dmic-endfire" />
	</path>

	<path name="voice-rec-dmic-ef">
		<path name="dmic-endfire" />
	</path>

	<path name="voice-rec-dmic-ef-fluence">
		<path name="dmic-endfire" />
	</path>

	<path name="unprocessed-stereo-mic">
		<path name="dmic-endfire" />
	</path>

	<path name="echo-reference">
		<ctl name="AUDIO_REF_EC_UL1 MUX" value="QUIN_MI2S_RX" />
	</path>

	<path name="echo-reference cirrus">
		<path name="echo-reference" />
	</path>

	<path name="echo-reference speaker">
		<path name="echo-reference" />
	</path>

	<path name="echo-reference cirrus speaker">
		<path name="echo-reference" />
	</path>

	<!-- TTY devices -->

	<path name="tty-headphones">
		<path name="voice-headphones" />
	</path>

	<path name="voice-tty-full-headphones">
		<ctl name="TTY Mode" value="FULL" />
		<path name="tty-headphones" />
	</path>

	<path name="voice-tty-vco-headphones">
		<ctl name="TTY Mode" value="VCO" />
		<path name="tty-headphones" />
	</path>

	<path name="voice-tty-hco-handset">
		<ctl name="TTY Mode" value="HCO" />
		<path name="handset" />
	</path>

	<path name="voice-tty-full-headset-mic">
		<path name="adc2" />
		<ctl name="ADC2 MUX" value="INP2" />
		<ctl name="ADC2 Volume" value="2" />
	</path>

	<path name="voice-tty-hco-headset-mic">
		<path name="voice-tty-full-headset-mic" />
	</path>

	<path name="voice-tty-vco-handset-mic">
		<path name="handset-mic" />
	</path>

	<path name="voice-rx">
	</path>

	<path name="voice-tx">
	</path>

</mixer>
