<?xml version="1.0" encoding="UTF-8"?>
<system xmlns:xsi="http://www.w3.org/2001/XMLSchema-instance" xsi:noNamespaceSchemaLocation="ipacm_cfg.xsd">
	<ODUCFG>
		<OduMode>router</OduMode>
		<eMBMS_offload>0</eMBMS_offload>
	</ODUCFG>
	<IPACM>
		<IPACMIface>
			<Iface>
			   <Name>rndis0</Name>
			   <Category>LAN</Category>
			</Iface>
			<Iface>
			   <Name>ecm0</Name>
			   <Category>LAN</Category>
			   <Mode>ROUTER</Mode>
			</Iface>
			<Iface>
			   <Name>rmnet_data0</Name>
			   <Category>WAN</Category>
			   <Mode>ROUTER</Mode>
			</Iface>
			<Iface>
			   <Name>rmnet_data1</Name>
			   <Category>WAN</Category>
			</Iface>			
			<Iface>
			   <Name>rmnet_data2</Name>
			   <Category>WAN</Category>
			</Iface>
			<Iface>
			   <Name>rmnet_data3</Name>
			   <Category>WAN</Category>
			</Iface>
			<Iface>
			   <Name>rmnet_data4</Name>
			   <Category>WAN</Category>
			</Iface>
			<Iface>
			   <Name>rmnet_data5</Name>
			   <Category>WAN</Category>
			</Iface>
			<Iface>
			   <Name>rmnet_data6</Name>
			   <Category>WAN</Category>
			</Iface>
			<Iface>
			   <Name>rmnet_data7</Name>
			   <Category>WAN</Category>
			</Iface>
			<Iface>
			   <Name>softap0</Name>
			   <Category>UNKNOWN</Category>
			   <WlanMode>full</WlanMode>
			</Iface>
			<Iface>
			   <Name>wlan0</Name>
			   <Category>UNKNOWN</Category>
			   <WlanMode>full</WlanMode>
			</Iface>			
			<Iface>
			   <Name>wlan1</Name>
			   <Category>UNKNOWN</Category>
			   <WlanMode>full</WlanMode>
			</Iface>
			<Iface>
			   <Name>wlan2</Name>
			   <Category>UNKNOWN</Category>
			   <WlanMode>full</WlanMode>
			</Iface>
			<Iface>
			   <Name>wlan3</Name>
			   <Category>UNKNOWN</Category>
			   <WlanMode>full</WlanMode>
			</Iface>
			<Iface>
			   <Name>eth0</Name>
			   <Category>ODU</Category>
			</Iface>
			<Iface>
			   <Name>bridge0</Name>
			   <Category>VIRTUAL</Category>
		    </Iface>
		</IPACMIface>
		<IPPassthroughFlag>
			<IPPassthroughMode>0</IPPassthroughMode>
		</IPPassthroughFlag>
		<IPACMPrivateSubnet>
			<Subnet>
  			   <SubnetAddress>192.168.225.0</SubnetAddress>
  			   <SubnetMask>255.255.255.0</SubnetMask>
		    </Subnet>		
		</IPACMPrivateSubnet>
		<IPACMALG>
			<ALG>
  			   <Protocol>TCP</Protocol>
  			   <Port>21</Port>
			   <Description>FTP</Description>
		    </ALG>
			<ALG>
  			   <Protocol>TCP</Protocol>
  			   <Port>554</Port>
			   <Description>RTSP</Description>
		    </ALG>
			<ALG>
  			   <Protocol>TCP</Protocol>
  			   <Port>5060</Port>
			   <Description>SIP</Description>
		    </ALG>
			<ALG>
  			   <Protocol>UDP</Protocol>
  			   <Port>5060</Port>
			   <Description>SIP</Description>
		    </ALG>
			<ALG>
  			   <Protocol>TCP</Protocol>
  			   <Port>1723</Port>
			   <Description>PPTP</Description>
		    </ALG>
			<ALG>
  			   <Protocol>UDP</Protocol>
  			   <Port>69</Port>
			   <Description>TFTP</Description>
		    </ALG>
			<ALG>
  			   <Protocol>UDP</Protocol>
  			   <Port>53</Port>
			   <Description>DNS</Description>
		    </ALG>
			<ALG>
  			   <Protocol>TCP</Protocol>
  			   <Port>53</Port>
			   <Description>DNS</Description>
		    </ALG>
			<ALG>
  			   <Protocol>UDP</Protocol>
  			   <Port>10080</Port>
			   <Description>AMANDA</Description>
		    </ALG>
			<ALG>
  			   <Protocol>UDP</Protocol>
  			   <Port>1719</Port>
			   <Description>H323</Description>
		    </ALG>
			<ALG>
  			   <Protocol>TCP</Protocol>
  			   <Port>1720</Port>
			   <Description>H323</Description>
		    </ALG>
			<ALG>
  			   <Protocol>TCP</Protocol>
  			   <Port>6667</Port>
			   <Description>IRC</Description>
		    </ALG>
			<ALG>
  			   <Protocol>UDP</Protocol>
  			   <Port>137</Port>
			   <Description>NETBIOS_NS</Description>
		    </ALG>
			<ALG>
			   <Protocol>UDP</Protocol>
			   <Port>138</Port>
			   <Description>NETBIOS_NS</Description>
		    </ALG>
			<ALG>
  			   <Protocol>TCP</Protocol>
  			   <Port>6566</Port>
			   <Description>SANE</Description>
		    </ALG>
		</IPACMALG>
		<IPACMNAT>		
 	        <MaxNatEntries>500</MaxNatEntries>
		</IPACMNAT>
		</IPACM>
</system>
